dataset_id,date_of_contribution,name_contact,email_contact,type_of_reference,doi_dataset,doi_publication,comments_reference,species_reported,comments_taxonomy,realm_general,realm_specific,elevation_of_collection,lat_gg,lat_mm,lat_ss,long_gg,long_mm,long_ss,origin,comments_location,date_of_collection_initial,date_of_collection_final,comments_timing,experiment_location,maintained,maintenance_duration_days,maintenance_duration_generations,maintenance_temperature,maintenance_salinity,maintenance_ph,maintenance_oxygen,maintenance_carbon_dioxide,maintenance_photoperiod,maintenance_humidity,maintenance_oxygen_units,maintenance_carbon_dioxide_units,maintenance_food_type,acclimated,acclimation_duration,acclimation_temperature,acclimation_salinity,acclimation_ph,acclimation_oxygen,acclimation_carbon_dioxide,acclimation_photoperiod,acclimation_humidity,acclimation_oxygen_units,acclimation_carbon_dioxide_units,acclimation_food_type,test_temperature,test_salinity,test_ph,test_oxygen,test_carbon_dioxide,test_oxygen_units,test_carbon_dioxide_units,test_photoperiod,test_humidity,comments_experimental_conditions,sex,parental_age,parental_age_units,parental_size_type,parental_size_units,parental_size_value,mating,method_type,fecundity,fecundity_unit,fecundity_temporal_unit,offspring_developmental_stage,offspring_size_type,offspring_size_units,offspring_size_value,comments_fecundity
Jerbi_Elayed_et_al_2022,23-03-2023,Kevin_Tougeron,kevin.tougeron@umons.ac.be,primary,https://doi.org/10.5281/zenodo.4721086,https://doi.org/10.1016/j.jtherbio.2021.103140,,Aphidius_colemani,,terrestrial,terrestrial,200,,,,,,,Mass rearing company,,01-01-2015,02-01-2015,,Lab,No,,,,,,,,,,,,,yes,,10,,,,,,,,,,10,,,,,,,,,,female,48,hours,tibia length,millimeter,,no,counting,103,number of eggs,lifetime (multiple seasons),egg,,,,Species is reproductivery active for a year
Jerbi_Elayed_et_al_2022,23-03-2023,Kevin_Tougeron,kevin.tougeron@umons.ac.be,primary,https://doi.org/10.5281/zenodo.4721086,https://doi.org/10.1016/j.jtherbio.2021.103140,,Aphidius_colemani,,terrestrial,terrestrial,200,,,,,,,Mass rearing company,,01-01-2015,02-01-2015,,Lab,No,,,,,,,,,,,,,yes,,10,,,,,,,,,,10,,,,,,,,,,female,48,hours,tibia length,millimeter,0.92,no,counting,86,number of eggs,lifetime (multiple seasons),egg,,,,Species is reproductivery active for a year
Jerbi_Elayed_et_al_2022,23-03-2023,Kevin_Tougeron,kevin.tougeron@umons.ac.be,primary,https://doi.org/10.5281/zenodo.4721086,https://doi.org/10.1016/j.jtherbio.2021.103140,,Aphidius_colemani,,terrestrial,terrestrial,200,,,,,,,Mass rearing company,,01-01-2015,02-01-2015,,Lab,No,,,,,,,,,,,,,yes,,10,,,,,,,,,,10,,,,,,,,,,female,48,hours,tibia length,millimeter,0.98,no,counting,67,number of eggs,lifetime (multiple seasons),egg,,,,Species is reproductivery active for a year
Jerbi_Elayed_et_al_2022,23-03-2023,Kevin_Tougeron,kevin.tougeron@umons.ac.be,primary,https://doi.org/10.5281/zenodo.4721086,https://doi.org/10.1016/j.jtherbio.2021.103140,,Aphidius_colemani,,terrestrial,terrestrial,200,,,,,,,Mass rearing company,,01-01-2015,02-01-2015,,Lab,No,,,,,,,,,,,,,yes,,10,,,,,,,,,,10,,,,,,,,,,female,48,hours,tibia length,millimeter,0.68,no,counting,0,number of eggs,lifetime (multiple seasons),egg,,,,Species is reproductivery active for a year
Jerbi_Elayed_et_al_2022,23-03-2023,Kevin_Tougeron,kevin.tougeron@umons.ac.be,primary,https://doi.org/10.5281/zenodo.4721086,https://doi.org/10.1016/j.jtherbio.2021.103140,,Aphidius_colemani,,terrestrial,terrestrial,200,,,,,,,Mass rearing company,,01-01-2015,02-01-2015,,Lab,No,,,,,,,,,,,,,yes,,10,,,,,,,,,,10,,,,,,,,,,female,48,hours,tibia length,millimeter,0.66,no,counting,27,number of eggs,lifetime (multiple seasons),egg,,,,Species is reproductivery active for a year
Jerbi_Elayed_et_al_2022,23-03-2023,Kevin_Tougeron,kevin.tougeron@umons.ac.be,primary,https://doi.org/10.5281/zenodo.4721086,https://doi.org/10.1016/j.jtherbio.2021.103140,,Aphidius_colemani,,terrestrial,terrestrial,200,,,,,,,Mass rearing company,,01-01-2015,02-01-2015,,Lab,No,,,,,,,,,,,,,yes,,10,,,,,,,,,,10,,,,,,,,,,female,48,hours,tibia length,millimeter,0.92,no,counting,52,number of eggs,lifetime (multiple seasons),egg,,,,Species is reproductivery active for a year
Jerbi_Elayed_et_al_2022,23-03-2023,Kevin_Tougeron,kevin.tougeron@umons.ac.be,primary,https://doi.org/10.5281/zenodo.4721086,https://doi.org/10.1016/j.jtherbio.2021.103140,,Aphidius_colemani,,terrestrial,terrestrial,200,,,,,,,Mass rearing company,,01-01-2015,02-01-2015,,Lab,No,,,,,,,,,,,,,yes,,10,,,,,,,,,,10,,,,,,,,,,female,48,hours,tibia length,millimeter,0.65,no,counting,37,number of eggs,lifetime (multiple seasons),egg,,,,Species is reproductivery active for a year
Jerbi_Elayed_et_al_2022,23-03-2023,Kevin_Tougeron,kevin.tougeron@umons.ac.be,primary,https://doi.org/10.5281/zenodo.4721086,https://doi.org/10.1016/j.jtherbio.2021.103140,,Aphidius_colemani,,terrestrial,terrestrial,200,,,,,,,Mass rearing company,,01-01-2015,02-01-2015,,Lab,No,,,,,,,,,,,,,yes,,10,,,,,,,,,,10,,,,,,,,,,female,48,hours,tibia length,millimeter,1,no,counting,51,number of eggs,lifetime (multiple seasons),egg,,,,Species is reproductivery active for a year
Jerbi_Elayed_et_al_2022,23-03-2023,Kevin_Tougeron,kevin.tougeron@umons.ac.be,primary,https://doi.org/10.5281/zenodo.4721086,https://doi.org/10.1016/j.jtherbio.2021.103140,,Aphidius_colemani,,terrestrial,terrestrial,200,,,,,,,Mass rearing company,,01-01-2015,02-01-2015,,Lab,No,,,,,,,,,,,,,yes,,10,,,,,,,,,,10,,,,,,,,,,female,48,hours,tibia length,millimeter,0.62,no,counting,62,number of eggs,lifetime (multiple seasons),egg,,,,Species is reproductivery active for a year
Jerbi_Elayed_et_al_2022,23-03-2023,Kevin_Tougeron,kevin.tougeron@umons.ac.be,primary,https://doi.org/10.5281/zenodo.4721086,https://doi.org/10.1016/j.jtherbio.2021.103140,,Aphidius_colemani,,terrestrial,terrestrial,200,,,,,,,Mass rearing company,,01-01-2015,02-01-2015,,Lab,No,,,,,,,,,,,,,yes,,10,,,,,,,,,,10,,,,,,,,,,female,48,hours,tibia length,millimeter,0.73,no,counting,30,number of eggs,lifetime (multiple seasons),egg,,,,Species is reproductivery active for a year
Jerbi_Elayed_et_al_2022,23-03-2023,Kevin_Tougeron,kevin.tougeron@umons.ac.be,primary,https://doi.org/10.5281/zenodo.4721086,https://doi.org/10.1016/j.jtherbio.2021.103140,,Aphidius_colemani,,terrestrial,terrestrial,200,,,,,,,Mass rearing company,,01-01-2015,02-01-2015,,Lab,No,,,,,,,,,,,,,yes,,10,,,,,,,,,,10,,,,,,,,,,female,48,hours,tibia length,millimeter,1.01,no,counting,35,number of eggs,lifetime (multiple seasons),egg,,,,Species is reproductivery active for a year
Jerbi_Elayed_et_al_2022,23-03-2023,Kevin_Tougeron,kevin.tougeron@umons.ac.be,primary,https://doi.org/10.5281/zenodo.4721086,https://doi.org/10.1016/j.jtherbio.2021.103140,,Aphidius_colemani,,terrestrial,terrestrial,200,,,,,,,Mass rearing company,,01-01-2015,02-01-2015,,Lab,No,,,,,,,,,,,,,yes,,10,,,,,,,,,,10,,,,,,,,,,female,48,hours,tibia length,millimeter,0.66,no,counting,32,number of eggs,lifetime (multiple seasons),egg,,,,Species is reproductivery active for a year
Jerbi_Elayed_et_al_2022,23-03-2023,Kevin_Tougeron,kevin.tougeron@umons.ac.be,primary,https://doi.org/10.5281/zenodo.4721086,https://doi.org/10.1016/j.jtherbio.2021.103140,,Aphidius_colemani,,terrestrial,terrestrial,200,,,,,,,Mass rearing company,,01-01-2015,02-01-2015,,Lab,No,,,,,,,,,,,,,yes,,10,,,,,,,,,,10,,,,,,,,,,female,48,hours,tibia length,millimeter,,no,counting,60,number of eggs,lifetime (multiple seasons),egg,,,,Species is reproductivery active for a year
Jerbi_Elayed_et_al_2022,23-03-2023,Kevin_Tougeron,kevin.tougeron@umons.ac.be,primary,https://doi.org/10.5281/zenodo.4721086,https://doi.org/10.1016/j.jtherbio.2021.103140,,Aphidius_colemani,,terrestrial,terrestrial,200,,,,,,,Mass rearing company,,01-01-2015,02-01-2015,,Lab,No,,,,,,,,,,,,,yes,,10,,,,,,,,,,10,,,,,,,,,,female,48,hours,tibia length,millimeter,0.72,no,counting,53,number of eggs,lifetime (multiple seasons),egg,,,,Species is reproductivery active for a year
Jerbi_Elayed_et_al_2022,23-03-2023,Kevin_Tougeron,kevin.tougeron@umons.ac.be,primary,https://doi.org/10.5281/zenodo.4721086,https://doi.org/10.1016/j.jtherbio.2021.103140,,Aphidius_colemani,,terrestrial,terrestrial,200,,,,,,,Mass rearing company,,01-01-2015,02-01-2015,,Lab,No,,,,,,,,,,,,,yes,,10,,,,,,,,,,10,,,,,,,,,,female,48,hours,tibia length,millimeter,0.98,no,counting,59,number of eggs,lifetime (multiple seasons),egg,,,,Species is reproductivery active for a year
Jerbi_Elayed_et_al_2022,23-03-2023,Kevin_Tougeron,kevin.tougeron@umons.ac.be,primary,https://doi.org/10.5281/zenodo.4721086,https://doi.org/10.1016/j.jtherbio.2021.103140,,Aphidius_colemani,,terrestrial,terrestrial,200,,,,,,,Mass rearing company,,01-01-2015,02-01-2015,,Lab,No,,,,,,,,,,,,,yes,,10,,,,,,,,,,10,,,,,,,,,,female,48,hours,tibia length,millimeter,0.94,no,counting,79,number of eggs,lifetime (multiple seasons),egg,,,,Species is reproductivery active for a year
Jerbi_Elayed_et_al_2022,23-03-2023,Kevin_Tougeron,kevin.tougeron@umons.ac.be,primary,https://doi.org/10.5281/zenodo.4721086,https://doi.org/10.1016/j.jtherbio.2021.103140,,Aphidius_colemani,,terrestrial,terrestrial,200,,,,,,,Mass rearing company,,01-01-2015,02-01-2015,,Lab,No,,,,,,,,,,,,,yes,,10,,,,,,,,,,10,,,,,,,,,,female,48,hours,tibia length,millimeter,,no,counting,24,number of eggs,lifetime (multiple seasons),egg,,,,Species is reproductivery active for a year
Jerbi_Elayed_et_al_2022,23-03-2023,Kevin_Tougeron,kevin.tougeron@umons.ac.be,primary,https://doi.org/10.5281/zenodo.4721086,https://doi.org/10.1016/j.jtherbio.2021.103140,,Aphidius_colemani,,terrestrial,terrestrial,200,,,,,,,Mass rearing company,,01-01-2015,02-01-2015,,Lab,No,,,,,,,,,,,,,yes,,10,,,,,,,,,,10,,,,,,,,,,female,48,hours,tibia length,millimeter,0.82,no,counting,43,number of eggs,lifetime (multiple seasons),egg,,,,Species is reproductivery active for a year
Jerbi_Elayed_et_al_2022,23-03-2023,Kevin_Tougeron,kevin.tougeron@umons.ac.be,primary,https://doi.org/10.5281/zenodo.4721086,https://doi.org/10.1016/j.jtherbio.2021.103140,,Aphidius_colemani,,terrestrial,terrestrial,200,,,,,,,Mass rearing company,,01-01-2015,02-01-2015,,Lab,No,,,,,,,,,,,,,yes,,10,,,,,,,,,,10,,,,,,,,,,female,48,hours,tibia length,millimeter,0.86,no,counting,40,number of eggs,lifetime (multiple seasons),egg,,,,Species is reproductivery active for a year
Jerbi_Elayed_et_al_2022,23-03-2023,Kevin_Tougeron,kevin.tougeron@umons.ac.be,primary,https://doi.org/10.5281/zenodo.4721086,https://doi.org/10.1016/j.jtherbio.2021.103140,,Aphidius_colemani,,terrestrial,terrestrial,200,,,,,,,Mass rearing company,,01-01-2015,02-01-2015,,Lab,No,,,,,,,,,,,,,yes,,10,,,,,,,,,,10,,,,,,,,,,female,48,hours,tibia length,millimeter,0.88,no,counting,40,number of eggs,lifetime (multiple seasons),egg,,,,Species is reproductivery active for a year
Jerbi_Elayed_et_al_2022,23-03-2023,Kevin_Tougeron,kevin.tougeron@umons.ac.be,primary,https://doi.org/10.5281/zenodo.4721086,https://doi.org/10.1016/j.jtherbio.2021.103140,,Aphidius_colemani,,terrestrial,terrestrial,200,,,,,,,Mass rearing company,,01-01-2015,02-01-2015,,Lab,No,,,,,,,,,,,,,yes,,10,,,,,,,,,,10,,,,,,,,,,female,48,hours,tibia length,millimeter,0.93,no,counting,54,number of eggs,lifetime (multiple seasons),egg,,,,Species is reproductivery active for a year
Jerbi_Elayed_et_al_2022,23-03-2023,Kevin_Tougeron,kevin.tougeron@umons.ac.be,primary,https://doi.org/10.5281/zenodo.4721086,https://doi.org/10.1016/j.jtherbio.2021.103140,,Aphidius_colemani,,terrestrial,terrestrial,200,,,,,,,Mass rearing company,,01-01-2015,02-01-2015,,Lab,No,,,,,,,,,,,,,yes,,10,,,,,,,,,,10,,,,,,,,,,female,48,hours,tibia length,millimeter,0.67,no,counting,0,number of eggs,lifetime (multiple seasons),egg,,,,Species is reproductivery active for a year
Jerbi_Elayed_et_al_2022,23-03-2023,Kevin_Tougeron,kevin.tougeron@umons.ac.be,primary,https://doi.org/10.5281/zenodo.4721086,https://doi.org/10.1016/j.jtherbio.2021.103140,,Aphidius_colemani,,terrestrial,terrestrial,200,,,,,,,Mass rearing company,,01-01-2015,02-01-2015,,Lab,No,,,,,,,,,,,,,yes,,10,,,,,,,,,,10,,,,,,,,,,female,48,hours,tibia length,millimeter,0.87,no,counting,63,number of eggs,lifetime (multiple seasons),egg,,,,Species is reproductivery active for a year
Jerbi_Elayed_et_al_2022,23-03-2023,Kevin_Tougeron,kevin.tougeron@umons.ac.be,primary,https://doi.org/10.5281/zenodo.4721086,https://doi.org/10.1016/j.jtherbio.2021.103140,,Aphidius_colemani,,terrestrial,terrestrial,200,,,,,,,Mass rearing company,,01-01-2015,02-01-2015,,Lab,No,,,,,,,,,,,,,yes,,10,,,,,,,,,,10,,,,,,,,,,female,48,hours,tibia length,millimeter,0.93,no,counting,60,number of eggs,lifetime (multiple seasons),egg,,,,Species is reproductivery active for a year
Jerbi_Elayed_et_al_2022,23-03-2023,Kevin_Tougeron,kevin.tougeron@umons.ac.be,primary,https://doi.org/10.5281/zenodo.4721086,https://doi.org/10.1016/j.jtherbio.2021.103140,,Aphidius_colemani,,terrestrial,terrestrial,200,,,,,,,Mass rearing company,,01-01-2015,02-01-2015,,Lab,No,,,,,,,,,,,,,yes,,10,,,,,,,,,,10,,,,,,,,,,female,48,hours,tibia length,millimeter,0.93,no,counting,55,number of eggs,lifetime (multiple seasons),egg,,,,Species is reproductivery active for a year
Jerbi_Elayed_et_al_2022,23-03-2023,Kevin_Tougeron,kevin.tougeron@umons.ac.be,primary,https://doi.org/10.5281/zenodo.4721086,https://doi.org/10.1016/j.jtherbio.2021.103140,,Aphidius_colemani,,terrestrial,terrestrial,200,,,,,,,Mass rearing company,,01-01-2015,02-01-2015,,Lab,No,,,,,,,,,,,,,yes,,10,,,,,,,,,,10,,,,,,,,,,female,48,hours,tibia length,millimeter,,no,counting,26,number of eggs,lifetime (multiple seasons),egg,,,,Species is reproductivery active for a year
Jerbi_Elayed_et_al_2022,23-03-2023,Kevin_Tougeron,kevin.tougeron@umons.ac.be,primary,https://doi.org/10.5281/zenodo.4721086,https://doi.org/10.1016/j.jtherbio.2021.103140,,Aphidius_colemani,,terrestrial,terrestrial,200,,,,,,,Mass rearing company,,01-01-2015,02-01-2015,,Lab,No,,,,,,,,,,,,,yes,,10,,,,,,,,,,10,,,,,,,,,,female,48,hours,tibia length,millimeter,0.85,no,counting,46,number of eggs,lifetime (multiple seasons),egg,,,,Species is reproductivery active for a year
Jerbi_Elayed_et_al_2022,23-03-2023,Kevin_Tougeron,kevin.tougeron@umons.ac.be,primary,https://doi.org/10.5281/zenodo.4721086,https://doi.org/10.1016/j.jtherbio.2021.103140,,Aphidius_colemani,,terrestrial,terrestrial,200,,,,,,,Mass rearing company,,01-01-2015,02-01-2015,,Lab,No,,,,,,,,,,,,,yes,,10,,,,,,,,,,10,,,,,,,,,,female,48,hours,tibia length,millimeter,0.92,no,counting,58,number of eggs,lifetime (multiple seasons),egg,,,,Species is reproductivery active for a year
Jerbi_Elayed_et_al_2022,23-03-2023,Kevin_Tougeron,kevin.tougeron@umons.ac.be,primary,https://doi.org/10.5281/zenodo.4721086,https://doi.org/10.1016/j.jtherbio.2021.103140,,Aphidius_colemani,,terrestrial,terrestrial,200,,,,,,,Mass rearing company,,01-01-2015,02-01-2015,,Lab,No,,,,,,,,,,,,,yes,,10,,,,,,,,,,10,,,,,,,,,,female,48,hours,tibia length,millimeter,0.99,no,counting,91,number of eggs,lifetime (multiple seasons),egg,,,,Species is reproductivery active for a year
Jerbi_Elayed_et_al_2022,23-03-2023,Kevin_Tougeron,kevin.tougeron@umons.ac.be,primary,https://doi.org/10.5281/zenodo.4721086,https://doi.org/10.1016/j.jtherbio.2021.103140,,Aphidius_colemani,,terrestrial,terrestrial,200,,,,,,,Mass rearing company,,01-01-2015,02-01-2015,,Lab,No,,,,,,,,,,,,,yes,,10,,,,,,,,,,10,,,,,,,,,,female,48,hours,tibia length,millimeter,1,no,counting,72,number of eggs,lifetime (multiple seasons),egg,,,,Species is reproductivery active for a year
Jerbi_Elayed_et_al_2022,23-03-2023,Kevin_Tougeron,kevin.tougeron@umons.ac.be,primary,https://doi.org/10.5281/zenodo.4721086,https://doi.org/10.1016/j.jtherbio.2021.103140,,Aphidius_colemani,,terrestrial,terrestrial,200,,,,,,,Mass rearing company,,01-01-2015,02-01-2015,,Lab,No,,,,,,,,,,,,,yes,,10,,,,,,,,,,10,,,,,,,,,,female,48,hours,tibia length,millimeter,0.89,no,counting,32,number of eggs,lifetime (multiple seasons),egg,,,,Species is reproductivery active for a year
Jerbi_Elayed_et_al_2022,23-03-2023,Kevin_Tougeron,kevin.tougeron@umons.ac.be,primary,https://doi.org/10.5281/zenodo.4721086,https://doi.org/10.1016/j.jtherbio.2021.103140,,Aphidius_colemani,,terrestrial,terrestrial,200,,,,,,,Mass rearing company,,01-01-2015,02-01-2015,,Lab,No,,,,,,,,,,,,,yes,,10,,,,,,,,,,10,,,,,,,,,,female,48,hours,tibia length,millimeter,0.87,no,counting,4,number of eggs,lifetime (multiple seasons),egg,,,,Species is reproductivery active for a year
Jerbi_Elayed_et_al_2022,23-03-2023,Kevin_Tougeron,kevin.tougeron@umons.ac.be,primary,https://doi.org/10.5281/zenodo.4721086,https://doi.org/10.1016/j.jtherbio.2021.103140,,Aphidius_colemani,,terrestrial,terrestrial,200,,,,,,,Mass rearing company,,01-01-2015,02-01-2015,,Lab,No,,,,,,,,,,,,,yes,,10,,,,,,,,,,10,,,,,,,,,,female,48,hours,tibia length,millimeter,0.85,no,counting,51,number of eggs,lifetime (multiple seasons),egg,,,,Species is reproductivery active for a year
Jerbi_Elayed_et_al_2022,23-03-2023,Kevin_Tougeron,kevin.tougeron@umons.ac.be,primary,https://doi.org/10.5281/zenodo.4721086,https://doi.org/10.1016/j.jtherbio.2021.103140,,Aphidius_colemani,,terrestrial,terrestrial,200,,,,,,,Mass rearing company,,01-01-2015,02-01-2015,,Lab,No,,,,,,,,,,,,,yes,,10,,,,,,,,,,10,,,,,,,,,,female,48,hours,tibia length,millimeter,0.91,no,counting,11,number of eggs,lifetime (multiple seasons),egg,,,,Species is reproductivery active for a year
Jerbi_Elayed_et_al_2022,23-03-2023,Kevin_Tougeron,kevin.tougeron@umons.ac.be,primary,https://doi.org/10.5281/zenodo.4721086,https://doi.org/10.1016/j.jtherbio.2021.103140,,Aphidius_colemani,,terrestrial,terrestrial,200,,,,,,,Mass rearing company,,01-01-2015,02-01-2015,,Lab,No,,,,,,,,,,,,,yes,,10,,,,,,,,,,10,,,,,,,,,,female,48,hours,tibia length,millimeter,0.84,no,counting,37,number of eggs,lifetime (multiple seasons),egg,,,,Species is reproductivery active for a year
Jerbi_Elayed_et_al_2022,23-03-2023,Kevin_Tougeron,kevin.tougeron@umons.ac.be,primary,https://doi.org/10.5281/zenodo.4721086,https://doi.org/10.1016/j.jtherbio.2021.103140,,Aphidius_colemani,,terrestrial,terrestrial,200,,,,,,,Mass rearing company,,01-01-2015,02-01-2015,,Lab,No,,,,,,,,,,,,,yes,,20,,,,,,,,,,20,,,,,,,,,,female,48,hours,tibia length,millimeter,0.56,no,counting,90,number of eggs,lifetime (multiple seasons),egg,,,,Species is reproductivery active for a year
Jerbi_Elayed_et_al_2022,23-03-2023,Kevin_Tougeron,kevin.tougeron@umons.ac.be,primary,https://doi.org/10.5281/zenodo.4721086,https://doi.org/10.1016/j.jtherbio.2021.103140,,Aphidius_colemani,,terrestrial,terrestrial,200,,,,,,,Mass rearing company,,01-01-2015,02-01-2015,,Lab,No,,,,,,,,,,,,,yes,,20,,,,,,,,,,20,,,,,,,,,,female,48,hours,tibia length,millimeter,0.52,no,counting,79,number of eggs,lifetime (multiple seasons),egg,,,,Species is reproductivery active for a year
Jerbi_Elayed_et_al_2022,23-03-2023,Kevin_Tougeron,kevin.tougeron@umons.ac.be,primary,https://doi.org/10.5281/zenodo.4721086,https://doi.org/10.1016/j.jtherbio.2021.103140,,Aphidius_colemani,,terrestrial,terrestrial,200,,,,,,,Mass rearing company,,01-01-2015,02-01-2015,,Lab,No,,,,,,,,,,,,,yes,,20,,,,,,,,,,20,,,,,,,,,,female,48,hours,tibia length,millimeter,0.5,no,counting,43,number of eggs,lifetime (multiple seasons),egg,,,,Species is reproductivery active for a year
Jerbi_Elayed_et_al_2022,23-03-2023,Kevin_Tougeron,kevin.tougeron@umons.ac.be,primary,https://doi.org/10.5281/zenodo.4721086,https://doi.org/10.1016/j.jtherbio.2021.103140,,Aphidius_colemani,,terrestrial,terrestrial,200,,,,,,,Mass rearing company,,01-01-2015,02-01-2015,,Lab,No,,,,,,,,,,,,,yes,,20,,,,,,,,,,20,,,,,,,,,,female,48,hours,tibia length,millimeter,0.58,no,counting,51,number of eggs,lifetime (multiple seasons),egg,,,,Species is reproductivery active for a year
Jerbi_Elayed_et_al_2022,23-03-2023,Kevin_Tougeron,kevin.tougeron@umons.ac.be,primary,https://doi.org/10.5281/zenodo.4721086,https://doi.org/10.1016/j.jtherbio.2021.103140,,Aphidius_colemani,,terrestrial,terrestrial,200,,,,,,,Mass rearing company,,01-01-2015,02-01-2015,,Lab,No,,,,,,,,,,,,,yes,,20,,,,,,,,,,20,,,,,,,,,,female,48,hours,tibia length,millimeter,0.59,no,counting,53,number of eggs,lifetime (multiple seasons),egg,,,,Species is reproductivery active for a year
Jerbi_Elayed_et_al_2022,23-03-2023,Kevin_Tougeron,kevin.tougeron@umons.ac.be,primary,https://doi.org/10.5281/zenodo.4721086,https://doi.org/10.1016/j.jtherbio.2021.103140,,Aphidius_colemani,,terrestrial,terrestrial,200,,,,,,,Mass rearing company,,01-01-2015,02-01-2015,,Lab,No,,,,,,,,,,,,,yes,,20,,,,,,,,,,20,,,,,,,,,,female,48,hours,tibia length,millimeter,0.48,no,counting,,number of eggs,lifetime (multiple seasons),egg,,,,Species is reproductivery active for a year
Jerbi_Elayed_et_al_2022,23-03-2023,Kevin_Tougeron,kevin.tougeron@umons.ac.be,primary,https://doi.org/10.5281/zenodo.4721086,https://doi.org/10.1016/j.jtherbio.2021.103140,,Aphidius_colemani,,terrestrial,terrestrial,200,,,,,,,Mass rearing company,,01-01-2015,02-01-2015,,Lab,No,,,,,,,,,,,,,yes,,20,,,,,,,,,,20,,,,,,,,,,female,48,hours,tibia length,millimeter,0.57,no,counting,75,number of eggs,lifetime (multiple seasons),egg,,,,Species is reproductivery active for a year
Jerbi_Elayed_et_al_2022,23-03-2023,Kevin_Tougeron,kevin.tougeron@umons.ac.be,primary,https://doi.org/10.5281/zenodo.4721086,https://doi.org/10.1016/j.jtherbio.2021.103140,,Aphidius_colemani,,terrestrial,terrestrial,200,,,,,,,Mass rearing company,,01-01-2015,02-01-2015,,Lab,No,,,,,,,,,,,,,yes,,20,,,,,,,,,,20,,,,,,,,,,female,48,hours,tibia length,millimeter,0.56,no,counting,49,number of eggs,lifetime (multiple seasons),egg,,,,Species is reproductivery active for a year
Jerbi_Elayed_et_al_2022,23-03-2023,Kevin_Tougeron,kevin.tougeron@umons.ac.be,primary,https://doi.org/10.5281/zenodo.4721086,https://doi.org/10.1016/j.jtherbio.2021.103140,,Aphidius_colemani,,terrestrial,terrestrial,200,,,,,,,Mass rearing company,,01-01-2015,02-01-2015,,Lab,No,,,,,,,,,,,,,yes,,20,,,,,,,,,,20,,,,,,,,,,female,48,hours,tibia length,millimeter,0.56,no,counting,53,number of eggs,lifetime (multiple seasons),egg,,,,Species is reproductivery active for a year
Jerbi_Elayed_et_al_2022,23-03-2023,Kevin_Tougeron,kevin.tougeron@umons.ac.be,primary,https://doi.org/10.5281/zenodo.4721086,https://doi.org/10.1016/j.jtherbio.2021.103140,,Aphidius_colemani,,terrestrial,terrestrial,200,,,,,,,Mass rearing company,,01-01-2015,02-01-2015,,Lab,No,,,,,,,,,,,,,yes,,20,,,,,,,,,,20,,,,,,,,,,female,48,hours,tibia length,millimeter,0.54,no,counting,36,number of eggs,lifetime (multiple seasons),egg,,,,Species is reproductivery active for a year
Jerbi_Elayed_et_al_2022,23-03-2023,Kevin_Tougeron,kevin.tougeron@umons.ac.be,primary,https://doi.org/10.5281/zenodo.4721086,https://doi.org/10.1016/j.jtherbio.2021.103140,,Aphidius_colemani,,terrestrial,terrestrial,200,,,,,,,Mass rearing company,,01-01-2015,02-01-2015,,Lab,No,,,,,,,,,,,,,yes,,20,,,,,,,,,,20,,,,,,,,,,female,48,hours,tibia length,millimeter,0.5,no,counting,35,number of eggs,lifetime (multiple seasons),egg,,,,Species is reproductivery active for a year
Jerbi_Elayed_et_al_2022,23-03-2023,Kevin_Tougeron,kevin.tougeron@umons.ac.be,primary,https://doi.org/10.5281/zenodo.4721086,https://doi.org/10.1016/j.jtherbio.2021.103140,,Aphidius_colemani,,terrestrial,terrestrial,200,,,,,,,Mass rearing company,,01-01-2015,02-01-2015,,Lab,No,,,,,,,,,,,,,yes,,20,,,,,,,,,,20,,,,,,,,,,female,48,hours,tibia length,millimeter,0.53,no,counting,84,number of eggs,lifetime (multiple seasons),egg,,,,Species is reproductivery active for a year
Jerbi_Elayed_et_al_2022,23-03-2023,Kevin_Tougeron,kevin.tougeron@umons.ac.be,primary,https://doi.org/10.5281/zenodo.4721086,https://doi.org/10.1016/j.jtherbio.2021.103140,,Aphidius_colemani,,terrestrial,terrestrial,200,,,,,,,Mass rearing company,,01-01-2015,02-01-2015,,Lab,No,,,,,,,,,,,,,yes,,20,,,,,,,,,,20,,,,,,,,,,female,48,hours,tibia length,millimeter,0.56,no,counting,47,number of eggs,lifetime (multiple seasons),egg,,,,Species is reproductivery active for a year
Jerbi_Elayed_et_al_2022,23-03-2023,Kevin_Tougeron,kevin.tougeron@umons.ac.be,primary,https://doi.org/10.5281/zenodo.4721086,https://doi.org/10.1016/j.jtherbio.2021.103140,,Aphidius_colemani,,terrestrial,terrestrial,200,,,,,,,Mass rearing company,,01-01-2015,02-01-2015,,Lab,No,,,,,,,,,,,,,yes,,20,,,,,,,,,,20,,,,,,,,,,female,48,hours,tibia length,millimeter,0.51,no,counting,52,number of eggs,lifetime (multiple seasons),egg,,,,Species is reproductivery active for a year
Jerbi_Elayed_et_al_2022,23-03-2023,Kevin_Tougeron,kevin.tougeron@umons.ac.be,primary,https://doi.org/10.5281/zenodo.4721086,https://doi.org/10.1016/j.jtherbio.2021.103140,,Aphidius_colemani,,terrestrial,terrestrial,200,,,,,,,Mass rearing company,,01-01-2015,02-01-2015,,Lab,No,,,,,,,,,,,,,yes,,20,,,,,,,,,,20,,,,,,,,,,female,48,hours,tibia length,millimeter,0.54,no,counting,53,number of eggs,lifetime (multiple seasons),egg,,,,Species is reproductivery active for a year
Jerbi_Elayed_et_al_2022,23-03-2023,Kevin_Tougeron,kevin.tougeron@umons.ac.be,primary,https://doi.org/10.5281/zenodo.4721086,https://doi.org/10.1016/j.jtherbio.2021.103140,,Aphidius_colemani,,terrestrial,terrestrial,200,,,,,,,Mass rearing company,,01-01-2015,02-01-2015,,Lab,No,,,,,,,,,,,,,yes,,20,,,,,,,,,,20,,,,,,,,,,female,48,hours,tibia length,millimeter,0.53,no,counting,90,number of eggs,lifetime (multiple seasons),egg,,,,Species is reproductivery active for a year
Jerbi_Elayed_et_al_2022,23-03-2023,Kevin_Tougeron,kevin.tougeron@umons.ac.be,primary,https://doi.org/10.5281/zenodo.4721086,https://doi.org/10.1016/j.jtherbio.2021.103140,,Aphidius_colemani,,terrestrial,terrestrial,200,,,,,,,Mass rearing company,,01-01-2015,02-01-2015,,Lab,No,,,,,,,,,,,,,yes,,20,,,,,,,,,,20,,,,,,,,,,female,48,hours,tibia length,millimeter,0.55,no,counting,77,number of eggs,lifetime (multiple seasons),egg,,,,Species is reproductivery active for a year
Jerbi_Elayed_et_al_2022,23-03-2023,Kevin_Tougeron,kevin.tougeron@umons.ac.be,primary,https://doi.org/10.5281/zenodo.4721086,https://doi.org/10.1016/j.jtherbio.2021.103140,,Aphidius_colemani,,terrestrial,terrestrial,200,,,,,,,Mass rearing company,,01-01-2015,02-01-2015,,Lab,No,,,,,,,,,,,,,yes,,20,,,,,,,,,,20,,,,,,,,,,female,48,hours,tibia length,millimeter,0.57,no,counting,70,number of eggs,lifetime (multiple seasons),egg,,,,Species is reproductivery active for a year
Jerbi_Elayed_et_al_2022,23-03-2023,Kevin_Tougeron,kevin.tougeron@umons.ac.be,primary,https://doi.org/10.5281/zenodo.4721086,https://doi.org/10.1016/j.jtherbio.2021.103140,,Aphidius_colemani,,terrestrial,terrestrial,200,,,,,,,Mass rearing company,,01-01-2015,02-01-2015,,Lab,No,,,,,,,,,,,,,yes,,20,,,,,,,,,,20,,,,,,,,,,female,48,hours,tibia length,millimeter,0.54,no,counting,88,number of eggs,lifetime (multiple seasons),egg,,,,Species is reproductivery active for a year
Jerbi_Elayed_et_al_2022,23-03-2023,Kevin_Tougeron,kevin.tougeron@umons.ac.be,primary,https://doi.org/10.5281/zenodo.4721086,https://doi.org/10.1016/j.jtherbio.2021.103140,,Aphidius_colemani,,terrestrial,terrestrial,200,,,,,,,Mass rearing company,,01-01-2015,02-01-2015,,Lab,No,,,,,,,,,,,,,yes,,20,,,,,,,,,,20,,,,,,,,,,female,48,hours,tibia length,millimeter,0.53,no,counting,41,number of eggs,lifetime (multiple seasons),egg,,,,Species is reproductivery active for a year
Jerbi_Elayed_et_al_2022,23-03-2023,Kevin_Tougeron,kevin.tougeron@umons.ac.be,primary,https://doi.org/10.5281/zenodo.4721086,https://doi.org/10.1016/j.jtherbio.2021.103140,,Aphidius_colemani,,terrestrial,terrestrial,200,,,,,,,Mass rearing company,,01-01-2015,02-01-2015,,Lab,No,,,,,,,,,,,,,yes,,20,,,,,,,,,,20,,,,,,,,,,female,48,hours,tibia length,millimeter,0.5,no,counting,,number of eggs,lifetime (multiple seasons),egg,,,,Species is reproductivery active for a year
Jerbi_Elayed_et_al_2022,23-03-2023,Kevin_Tougeron,kevin.tougeron@umons.ac.be,primary,https://doi.org/10.5281/zenodo.4721086,https://doi.org/10.1016/j.jtherbio.2021.103140,,Aphidius_colemani,,terrestrial,terrestrial,200,,,,,,,Mass rearing company,,01-01-2015,02-01-2015,,Lab,No,,,,,,,,,,,,,yes,,20,,,,,,,,,,20,,,,,,,,,,female,48,hours,tibia length,millimeter,0.57,no,counting,52,number of eggs,lifetime (multiple seasons),egg,,,,Species is reproductivery active for a year
Jerbi_Elayed_et_al_2022,23-03-2023,Kevin_Tougeron,kevin.tougeron@umons.ac.be,primary,https://doi.org/10.5281/zenodo.4721086,https://doi.org/10.1016/j.jtherbio.2021.103140,,Aphidius_colemani,,terrestrial,terrestrial,200,,,,,,,Mass rearing company,,01-01-2015,02-01-2015,,Lab,No,,,,,,,,,,,,,yes,,20,,,,,,,,,,20,,,,,,,,,,female,48,hours,tibia length,millimeter,0.52,no,counting,60,number of eggs,lifetime (multiple seasons),egg,,,,Species is reproductivery active for a year
Jerbi_Elayed_et_al_2022,23-03-2023,Kevin_Tougeron,kevin.tougeron@umons.ac.be,primary,https://doi.org/10.5281/zenodo.4721086,https://doi.org/10.1016/j.jtherbio.2021.103140,,Aphidius_colemani,,terrestrial,terrestrial,200,,,,,,,Mass rearing company,,01-01-2015,02-01-2015,,Lab,No,,,,,,,,,,,,,yes,,20,,,,,,,,,,20,,,,,,,,,,female,48,hours,tibia length,millimeter,0.53,no,counting,,number of eggs,lifetime (multiple seasons),egg,,,,Species is reproductivery active for a year
Jerbi_Elayed_et_al_2022,23-03-2023,Kevin_Tougeron,kevin.tougeron@umons.ac.be,primary,https://doi.org/10.5281/zenodo.4721086,https://doi.org/10.1016/j.jtherbio.2021.103140,,Aphidius_colemani,,terrestrial,terrestrial,200,,,,,,,Mass rearing company,,01-01-2015,02-01-2015,,Lab,No,,,,,,,,,,,,,yes,,20,,,,,,,,,,20,,,,,,,,,,female,48,hours,tibia length,millimeter,0.51,no,counting,,number of eggs,lifetime (multiple seasons),egg,,,,Species is reproductivery active for a year
Jerbi_Elayed_et_al_2022,23-03-2023,Kevin_Tougeron,kevin.tougeron@umons.ac.be,primary,https://doi.org/10.5281/zenodo.4721086,https://doi.org/10.1016/j.jtherbio.2021.103140,,Aphidius_colemani,,terrestrial,terrestrial,200,,,,,,,Mass rearing company,,01-01-2015,02-01-2015,,Lab,No,,,,,,,,,,,,,yes,,20,,,,,,,,,,20,,,,,,,,,,female,48,hours,tibia length,millimeter,0.55,no,counting,,number of eggs,lifetime (multiple seasons),egg,,,,Species is reproductivery active for a year
Jerbi_Elayed_et_al_2022,23-03-2023,Kevin_Tougeron,kevin.tougeron@umons.ac.be,primary,https://doi.org/10.5281/zenodo.4721086,https://doi.org/10.1016/j.jtherbio.2021.103140,,Aphidius_colemani,,terrestrial,terrestrial,200,,,,,,,Mass rearing company,,01-01-2015,02-01-2015,,Lab,No,,,,,,,,,,,,,yes,,20,,,,,,,,,,20,,,,,,,,,,female,48,hours,tibia length,millimeter,0.52,no,counting,63,number of eggs,lifetime (multiple seasons),egg,,,,Species is reproductivery active for a year
Jerbi_Elayed_et_al_2022,23-03-2023,Kevin_Tougeron,kevin.tougeron@umons.ac.be,primary,https://doi.org/10.5281/zenodo.4721086,https://doi.org/10.1016/j.jtherbio.2021.103140,,Aphidius_colemani,,terrestrial,terrestrial,200,,,,,,,Mass rearing company,,01-01-2015,02-01-2015,,Lab,No,,,,,,,,,,,,,yes,,20,,,,,,,,,,20,,,,,,,,,,female,48,hours,tibia length,millimeter,0.48,no,counting,101,number of eggs,lifetime (multiple seasons),egg,,,,Species is reproductivery active for a year
Jerbi_Elayed_et_al_2022,23-03-2023,Kevin_Tougeron,kevin.tougeron@umons.ac.be,primary,https://doi.org/10.5281/zenodo.4721086,https://doi.org/10.1016/j.jtherbio.2021.103140,,Aphidius_colemani,,terrestrial,terrestrial,200,,,,,,,Mass rearing company,,01-01-2015,02-01-2015,,Lab,No,,,,,,,,,,,,,yes,,20,,,,,,,,,,20,,,,,,,,,,female,48,hours,tibia length,millimeter,0.5,no,counting,70,number of eggs,lifetime (multiple seasons),egg,,,,Species is reproductivery active for a year
Jerbi_Elayed_et_al_2022,23-03-2023,Kevin_Tougeron,kevin.tougeron@umons.ac.be,primary,https://doi.org/10.5281/zenodo.4721086,https://doi.org/10.1016/j.jtherbio.2021.103140,,Aphidius_colemani,,terrestrial,terrestrial,200,,,,,,,Mass rearing company,,01-01-2015,02-01-2015,,Lab,No,,,,,,,,,,,,,yes,,20,,,,,,,,,,20,,,,,,,,,,female,48,hours,tibia length,millimeter,0.56,no,counting,84,number of eggs,lifetime (multiple seasons),egg,,,,Species is reproductivery active for a year
Jerbi_Elayed_et_al_2022,23-03-2023,Kevin_Tougeron,kevin.tougeron@umons.ac.be,primary,https://doi.org/10.5281/zenodo.4721086,https://doi.org/10.1016/j.jtherbio.2021.103140,,Aphidius_colemani,,terrestrial,terrestrial,200,,,,,,,Mass rearing company,,01-01-2015,02-01-2015,,Lab,No,,,,,,,,,,,,,yes,,20,,,,,,,,,,20,,,,,,,,,,female,48,hours,tibia length,millimeter,0.58,no,counting,35,number of eggs,lifetime (multiple seasons),egg,,,,Species is reproductivery active for a year
Jerbi_Elayed_et_al_2022,23-03-2023,Kevin_Tougeron,kevin.tougeron@umons.ac.be,primary,https://doi.org/10.5281/zenodo.4721086,https://doi.org/10.1016/j.jtherbio.2021.103140,,Aphidius_colemani,,terrestrial,terrestrial,200,,,,,,,Mass rearing company,,01-01-2015,02-01-2015,,Lab,No,,,,,,,,,,,,,yes,,20,,,,,,,,,,20,,,,,,,,,,female,48,hours,tibia length,millimeter,0.57,no,counting,77,number of eggs,lifetime (multiple seasons),egg,,,,Species is reproductivery active for a year
Jerbi_Elayed_et_al_2022,23-03-2023,Kevin_Tougeron,kevin.tougeron@umons.ac.be,primary,https://doi.org/10.5281/zenodo.4721086,https://doi.org/10.1016/j.jtherbio.2021.103140,,Aphidius_colemani,,terrestrial,terrestrial,200,,,,,,,Mass rearing company,,01-01-2015,02-01-2015,,Lab,No,,,,,,,,,,,,,yes,,20,,,,,,,,,,20,,,,,,,,,,female,48,hours,tibia length,millimeter,0.56,no,counting,64,number of eggs,lifetime (multiple seasons),egg,,,,Species is reproductivery active for a year
Jerbi_Elayed_et_al_2022,23-03-2023,Kevin_Tougeron,kevin.tougeron@umons.ac.be,primary,https://doi.org/10.5281/zenodo.4721086,https://doi.org/10.1016/j.jtherbio.2021.103140,,Aphidius_colemani,,terrestrial,terrestrial,200,,,,,,,Mass rearing company,,01-01-2015,02-01-2015,,Lab,No,,,,,,,,,,,,,yes,,20,,,,,,,,,,20,,,,,,,,,,female,48,hours,tibia length,millimeter,0.6,no,counting,51,number of eggs,lifetime (multiple seasons),egg,,,,Species is reproductivery active for a year
Jerbi_Elayed_et_al_2022,23-03-2023,Kevin_Tougeron,kevin.tougeron@umons.ac.be,primary,https://doi.org/10.5281/zenodo.4721086,https://doi.org/10.1016/j.jtherbio.2021.103140,,Aphidius_colemani,,terrestrial,terrestrial,200,,,,,,,Mass rearing company,,01-01-2015,02-01-2015,,Lab,No,,,,,,,,,,,,,yes,,28,,,,,,,,,,28,,,,,,,,,,female,48,hours,tibia length,millimeter,0.34,no,counting,,number of eggs,lifetime (multiple seasons),egg,,,,Species is reproductivery active for a year
Jerbi_Elayed_et_al_2022,23-03-2023,Kevin_Tougeron,kevin.tougeron@umons.ac.be,primary,https://doi.org/10.5281/zenodo.4721086,https://doi.org/10.1016/j.jtherbio.2021.103140,,Aphidius_colemani,,terrestrial,terrestrial,200,,,,,,,Mass rearing company,,01-01-2015,02-01-2015,,Lab,No,,,,,,,,,,,,,yes,,28,,,,,,,,,,28,,,,,,,,,,female,48,hours,tibia length,millimeter,0.34,no,counting,13,number of eggs,lifetime (multiple seasons),egg,,,,Species is reproductivery active for a year
Jerbi_Elayed_et_al_2022,23-03-2023,Kevin_Tougeron,kevin.tougeron@umons.ac.be,primary,https://doi.org/10.5281/zenodo.4721086,https://doi.org/10.1016/j.jtherbio.2021.103140,,Aphidius_colemani,,terrestrial,terrestrial,200,,,,,,,Mass rearing company,,01-01-2015,02-01-2015,,Lab,No,,,,,,,,,,,,,yes,,28,,,,,,,,,,28,,,,,,,,,,female,48,hours,tibia length,millimeter,0.33,no,counting,3,number of eggs,lifetime (multiple seasons),egg,,,,Species is reproductivery active for a year
Jerbi_Elayed_et_al_2022,23-03-2023,Kevin_Tougeron,kevin.tougeron@umons.ac.be,primary,https://doi.org/10.5281/zenodo.4721086,https://doi.org/10.1016/j.jtherbio.2021.103140,,Aphidius_colemani,,terrestrial,terrestrial,200,,,,,,,Mass rearing company,,01-01-2015,02-01-2015,,Lab,No,,,,,,,,,,,,,yes,,28,,,,,,,,,,28,,,,,,,,,,female,48,hours,tibia length,millimeter,0.33,no,counting,,number of eggs,lifetime (multiple seasons),egg,,,,Species is reproductivery active for a year
Jerbi_Elayed_et_al_2022,23-03-2023,Kevin_Tougeron,kevin.tougeron@umons.ac.be,primary,https://doi.org/10.5281/zenodo.4721086,https://doi.org/10.1016/j.jtherbio.2021.103140,,Aphidius_colemani,,terrestrial,terrestrial,200,,,,,,,Mass rearing company,,01-01-2015,02-01-2015,,Lab,No,,,,,,,,,,,,,yes,,28,,,,,,,,,,28,,,,,,,,,,female,48,hours,tibia length,millimeter,0.33,no,counting,25,number of eggs,lifetime (multiple seasons),egg,,,,Species is reproductivery active for a year
Jerbi_Elayed_et_al_2022,23-03-2023,Kevin_Tougeron,kevin.tougeron@umons.ac.be,primary,https://doi.org/10.5281/zenodo.4721086,https://doi.org/10.1016/j.jtherbio.2021.103140,,Aphidius_colemani,,terrestrial,terrestrial,200,,,,,,,Mass rearing company,,01-01-2015,02-01-2015,,Lab,No,,,,,,,,,,,,,yes,,28,,,,,,,,,,28,,,,,,,,,,female,48,hours,tibia length,millimeter,0.32,no,counting,22,number of eggs,lifetime (multiple seasons),egg,,,,Species is reproductivery active for a year
Jerbi_Elayed_et_al_2022,23-03-2023,Kevin_Tougeron,kevin.tougeron@umons.ac.be,primary,https://doi.org/10.5281/zenodo.4721086,https://doi.org/10.1016/j.jtherbio.2021.103140,,Aphidius_colemani,,terrestrial,terrestrial,200,,,,,,,Mass rearing company,,01-01-2015,02-01-2015,,Lab,No,,,,,,,,,,,,,yes,,28,,,,,,,,,,28,,,,,,,,,,female,48,hours,tibia length,millimeter,0.36,no,counting,53,number of eggs,lifetime (multiple seasons),egg,,,,Species is reproductivery active for a year
Jerbi_Elayed_et_al_2022,23-03-2023,Kevin_Tougeron,kevin.tougeron@umons.ac.be,primary,https://doi.org/10.5281/zenodo.4721086,https://doi.org/10.1016/j.jtherbio.2021.103140,,Aphidius_colemani,,terrestrial,terrestrial,200,,,,,,,Mass rearing company,,01-01-2015,02-01-2015,,Lab,No,,,,,,,,,,,,,yes,,28,,,,,,,,,,28,,,,,,,,,,female,48,hours,tibia length,millimeter,0.3,no,counting,38,number of eggs,lifetime (multiple seasons),egg,,,,Species is reproductivery active for a year
Jerbi_Elayed_et_al_2022,23-03-2023,Kevin_Tougeron,kevin.tougeron@umons.ac.be,primary,https://doi.org/10.5281/zenodo.4721086,https://doi.org/10.1016/j.jtherbio.2021.103140,,Aphidius_colemani,,terrestrial,terrestrial,200,,,,,,,Mass rearing company,,01-01-2015,02-01-2015,,Lab,No,,,,,,,,,,,,,yes,,28,,,,,,,,,,28,,,,,,,,,,female,48,hours,tibia length,millimeter,0.35,no,counting,40,number of eggs,lifetime (multiple seasons),egg,,,,Species is reproductivery active for a year
Jerbi_Elayed_et_al_2022,23-03-2023,Kevin_Tougeron,kevin.tougeron@umons.ac.be,primary,https://doi.org/10.5281/zenodo.4721086,https://doi.org/10.1016/j.jtherbio.2021.103140,,Aphidius_colemani,,terrestrial,terrestrial,200,,,,,,,Mass rearing company,,01-01-2015,02-01-2015,,Lab,No,,,,,,,,,,,,,yes,,28,,,,,,,,,,28,,,,,,,,,,female,48,hours,tibia length,millimeter,0.3,no,counting,10,number of eggs,lifetime (multiple seasons),egg,,,,Species is reproductivery active for a year
Jerbi_Elayed_et_al_2022,23-03-2023,Kevin_Tougeron,kevin.tougeron@umons.ac.be,primary,https://doi.org/10.5281/zenodo.4721086,https://doi.org/10.1016/j.jtherbio.2021.103140,,Aphidius_colemani,,terrestrial,terrestrial,200,,,,,,,Mass rearing company,,01-01-2015,02-01-2015,,Lab,No,,,,,,,,,,,,,yes,,28,,,,,,,,,,28,,,,,,,,,,female,48,hours,tibia length,millimeter,0.32,no,counting,40,number of eggs,lifetime (multiple seasons),egg,,,,Species is reproductivery active for a year
Jerbi_Elayed_et_al_2022,23-03-2023,Kevin_Tougeron,kevin.tougeron@umons.ac.be,primary,https://doi.org/10.5281/zenodo.4721086,https://doi.org/10.1016/j.jtherbio.2021.103140,,Aphidius_colemani,,terrestrial,terrestrial,200,,,,,,,Mass rearing company,,01-01-2015,02-01-2015,,Lab,No,,,,,,,,,,,,,yes,,28,,,,,,,,,,28,,,,,,,,,,female,48,hours,tibia length,millimeter,0.34,no,counting,59,number of eggs,lifetime (multiple seasons),egg,,,,Species is reproductivery active for a year
Jerbi_Elayed_et_al_2022,23-03-2023,Kevin_Tougeron,kevin.tougeron@umons.ac.be,primary,https://doi.org/10.5281/zenodo.4721086,https://doi.org/10.1016/j.jtherbio.2021.103140,,Aphidius_colemani,,terrestrial,terrestrial,200,,,,,,,Mass rearing company,,01-01-2015,02-01-2015,,Lab,No,,,,,,,,,,,,,yes,,28,,,,,,,,,,28,,,,,,,,,,female,48,hours,tibia length,millimeter,0.34,no,counting,20,number of eggs,lifetime (multiple seasons),egg,,,,Species is reproductivery active for a year
Jerbi_Elayed_et_al_2022,23-03-2023,Kevin_Tougeron,kevin.tougeron@umons.ac.be,primary,https://doi.org/10.5281/zenodo.4721086,https://doi.org/10.1016/j.jtherbio.2021.103140,,Aphidius_colemani,,terrestrial,terrestrial,200,,,,,,,Mass rearing company,,01-01-2015,02-01-2015,,Lab,No,,,,,,,,,,,,,yes,,28,,,,,,,,,,28,,,,,,,,,,female,48,hours,tibia length,millimeter,0.32,no,counting,,number of eggs,lifetime (multiple seasons),egg,,,,Species is reproductivery active for a year
Jerbi_Elayed_et_al_2022,23-03-2023,Kevin_Tougeron,kevin.tougeron@umons.ac.be,primary,https://doi.org/10.5281/zenodo.4721086,https://doi.org/10.1016/j.jtherbio.2021.103140,,Aphidius_colemani,,terrestrial,terrestrial,200,,,,,,,Mass rearing company,,01-01-2015,02-01-2015,,Lab,No,,,,,,,,,,,,,yes,,28,,,,,,,,,,28,,,,,,,,,,female,48,hours,tibia length,millimeter,0.34,no,counting,30,number of eggs,lifetime (multiple seasons),egg,,,,Species is reproductivery active for a year
Jerbi_Elayed_et_al_2022,23-03-2023,Kevin_Tougeron,kevin.tougeron@umons.ac.be,primary,https://doi.org/10.5281/zenodo.4721086,https://doi.org/10.1016/j.jtherbio.2021.103140,,Aphidius_colemani,,terrestrial,terrestrial,200,,,,,,,Mass rearing company,,01-01-2015,02-01-2015,,Lab,No,,,,,,,,,,,,,yes,,28,,,,,,,,,,28,,,,,,,,,,female,48,hours,tibia length,millimeter,0.33,no,counting,42,number of eggs,lifetime (multiple seasons),egg,,,,Species is reproductivery active for a year
Jerbi_Elayed_et_al_2022,23-03-2023,Kevin_Tougeron,kevin.tougeron@umons.ac.be,primary,https://doi.org/10.5281/zenodo.4721086,https://doi.org/10.1016/j.jtherbio.2021.103140,,Aphidius_colemani,,terrestrial,terrestrial,200,,,,,,,Mass rearing company,,01-01-2015,02-01-2015,,Lab,No,,,,,,,,,,,,,yes,,28,,,,,,,,,,28,,,,,,,,,,female,48,hours,tibia length,millimeter,0.34,no,counting,48,number of eggs,lifetime (multiple seasons),egg,,,,Species is reproductivery active for a year
Jerbi_Elayed_et_al_2022,23-03-2023,Kevin_Tougeron,kevin.tougeron@umons.ac.be,primary,https://doi.org/10.5281/zenodo.4721086,https://doi.org/10.1016/j.jtherbio.2021.103140,,Aphidius_colemani,,terrestrial,terrestrial,200,,,,,,,Mass rearing company,,01-01-2015,02-01-2015,,Lab,No,,,,,,,,,,,,,yes,,28,,,,,,,,,,28,,,,,,,,,,female,48,hours,tibia length,millimeter,0.34,no,counting,22,number of eggs,lifetime (multiple seasons),egg,,,,Species is reproductivery active for a year
Jerbi_Elayed_et_al_2022,23-03-2023,Kevin_Tougeron,kevin.tougeron@umons.ac.be,primary,https://doi.org/10.5281/zenodo.4721086,https://doi.org/10.1016/j.jtherbio.2021.103140,,Aphidius_colemani,,terrestrial,terrestrial,200,,,,,,,Mass rearing company,,01-01-2015,02-01-2015,,Lab,No,,,,,,,,,,,,,yes,,28,,,,,,,,,,28,,,,,,,,,,female,48,hours,tibia length,millimeter,0.37,no,counting,28,number of eggs,lifetime (multiple seasons),egg,,,,Species is reproductivery active for a year
Jerbi_Elayed_et_al_2022,23-03-2023,Kevin_Tougeron,kevin.tougeron@umons.ac.be,primary,https://doi.org/10.5281/zenodo.4721086,https://doi.org/10.1016/j.jtherbio.2021.103140,,Aphidius_colemani,,terrestrial,terrestrial,200,,,,,,,Mass rearing company,,01-01-2015,02-01-2015,,Lab,No,,,,,,,,,,,,,yes,,28,,,,,,,,,,28,,,,,,,,,,female,48,hours,tibia length,millimeter,0.34,no,counting,13,number of eggs,lifetime (multiple seasons),egg,,,,Species is reproductivery active for a year
Jerbi_Elayed_et_al_2022,23-03-2023,Kevin_Tougeron,kevin.tougeron@umons.ac.be,primary,https://doi.org/10.5281/zenodo.4721086,https://doi.org/10.1016/j.jtherbio.2021.103140,,Aphidius_colemani,,terrestrial,terrestrial,200,,,,,,,Mass rearing company,,01-01-2015,02-01-2015,,Lab,No,,,,,,,,,,,,,yes,,28,,,,,,,,,,28,,,,,,,,,,female,48,hours,tibia length,millimeter,0.34,no,counting,32,number of eggs,lifetime (multiple seasons),egg,,,,Species is reproductivery active for a year
Jerbi_Elayed_et_al_2022,23-03-2023,Kevin_Tougeron,kevin.tougeron@umons.ac.be,primary,https://doi.org/10.5281/zenodo.4721086,https://doi.org/10.1016/j.jtherbio.2021.103140,,Aphidius_colemani,,terrestrial,terrestrial,200,,,,,,,Mass rearing company,,01-01-2015,02-01-2015,,Lab,No,,,,,,,,,,,,,yes,,28,,,,,,,,,,28,,,,,,,,,,female,48,hours,tibia length,millimeter,0.35,no,counting,15,number of eggs,lifetime (multiple seasons),egg,,,,Species is reproductivery active for a year
Jerbi_Elayed_et_al_2022,23-03-2023,Kevin_Tougeron,kevin.tougeron@umons.ac.be,primary,https://doi.org/10.5281/zenodo.4721086,https://doi.org/10.1016/j.jtherbio.2021.103140,,Aphidius_colemani,,terrestrial,terrestrial,200,,,,,,,Mass rearing company,,01-01-2015,02-01-2015,,Lab,No,,,,,,,,,,,,,yes,,28,,,,,,,,,,28,,,,,,,,,,female,48,hours,tibia length,millimeter,0.35,no,counting,26,number of eggs,lifetime (multiple seasons),egg,,,,Species is reproductivery active for a year
Jerbi_Elayed_et_al_2022,23-03-2023,Kevin_Tougeron,kevin.tougeron@umons.ac.be,primary,https://doi.org/10.5281/zenodo.4721086,https://doi.org/10.1016/j.jtherbio.2021.103140,,Aphidius_colemani,,terrestrial,terrestrial,200,,,,,,,Mass rearing company,,01-01-2015,02-01-2015,,Lab,No,,,,,,,,,,,,,yes,,28,,,,,,,,,,28,,,,,,,,,,female,48,hours,tibia length,millimeter,0.33,no,counting,10,number of eggs,lifetime (multiple seasons),egg,,,,Species is reproductivery active for a year
Jerbi_Elayed_et_al_2022,23-03-2023,Kevin_Tougeron,kevin.tougeron@umons.ac.be,primary,https://doi.org/10.5281/zenodo.4721086,https://doi.org/10.1016/j.jtherbio.2021.103140,,Aphidius_colemani,,terrestrial,terrestrial,200,,,,,,,Mass rearing company,,01-01-2015,02-01-2015,,Lab,No,,,,,,,,,,,,,yes,,28,,,,,,,,,,28,,,,,,,,,,female,48,hours,tibia length,millimeter,0.33,no,counting,28,number of eggs,lifetime (multiple seasons),egg,,,,Species is reproductivery active for a year
Jerbi_Elayed_et_al_2022,23-03-2023,Kevin_Tougeron,kevin.tougeron@umons.ac.be,primary,https://doi.org/10.5281/zenodo.4721086,https://doi.org/10.1016/j.jtherbio.2021.103140,,Aphidius_colemani,,terrestrial,terrestrial,200,,,,,,,Mass rearing company,,01-01-2015,02-01-2015,,Lab,No,,,,,,,,,,,,,yes,,28,,,,,,,,,,28,,,,,,,,,,female,48,hours,tibia length,millimeter,0.35,no,counting,10,number of eggs,lifetime (multiple seasons),egg,,,,Species is reproductivery active for a year
Jerbi_Elayed_et_al_2022,23-03-2023,Kevin_Tougeron,kevin.tougeron@umons.ac.be,primary,https://doi.org/10.5281/zenodo.4721086,https://doi.org/10.1016/j.jtherbio.2021.103140,,Aphidius_colemani,,terrestrial,terrestrial,200,,,,,,,Mass rearing company,,01-01-2015,02-01-2015,,Lab,No,,,,,,,,,,,,,yes,,28,,,,,,,,,,28,,,,,,,,,,female,48,hours,tibia length,millimeter,0.36,no,counting,20,number of eggs,lifetime (multiple seasons),egg,,,,Species is reproductivery active for a year
Jerbi_Elayed_et_al_2022,23-03-2023,Kevin_Tougeron,kevin.tougeron@umons.ac.be,primary,https://doi.org/10.5281/zenodo.4721086,https://doi.org/10.1016/j.jtherbio.2021.103140,,Aphidius_colemani,,terrestrial,terrestrial,200,,,,,,,Mass rearing company,,01-01-2015,02-01-2015,,Lab,No,,,,,,,,,,,,,yes,,28,,,,,,,,,,28,,,,,,,,,,female,48,hours,tibia length,millimeter,0.33,no,counting,18,number of eggs,lifetime (multiple seasons),egg,,,,Species is reproductivery active for a year
Jerbi_Elayed_et_al_2022,23-03-2023,Kevin_Tougeron,kevin.tougeron@umons.ac.be,primary,https://doi.org/10.5281/zenodo.4721086,https://doi.org/10.1016/j.jtherbio.2021.103140,,Aphidius_colemani,,terrestrial,terrestrial,200,,,,,,,Mass rearing company,,01-01-2015,02-01-2015,,Lab,No,,,,,,,,,,,,,yes,,28,,,,,,,,,,28,,,,,,,,,,female,48,hours,tibia length,millimeter,0.35,no,counting,12,number of eggs,lifetime (multiple seasons),egg,,,,Species is reproductivery active for a year
Jerbi_Elayed_et_al_2022,23-03-2023,Kevin_Tougeron,kevin.tougeron@umons.ac.be,primary,https://doi.org/10.5281/zenodo.4721086,https://doi.org/10.1016/j.jtherbio.2021.103140,,Aphidius_colemani,,terrestrial,terrestrial,200,,,,,,,Mass rearing company,,01-01-2015,02-01-2015,,Lab,No,,,,,,,,,,,,,yes,,28,,,,,,,,,,28,,,,,,,,,,female,48,hours,tibia length,millimeter,0.32,no,counting,5,number of eggs,lifetime (multiple seasons),egg,,,,Species is reproductivery active for a year
Jerbi_Elayed_et_al_2022,23-03-2023,Kevin_Tougeron,kevin.tougeron@umons.ac.be,primary,https://doi.org/10.5281/zenodo.4721086,https://doi.org/10.1016/j.jtherbio.2021.103140,,Aphidius_colemani,,terrestrial,terrestrial,200,,,,,,,Mass rearing company,,01-01-2015,02-01-2015,,Lab,No,,,,,,,,,,,,,yes,,28,,,,,,,,,,28,,,,,,,,,,female,48,hours,tibia length,millimeter,0.31,no,counting,15,number of eggs,lifetime (multiple seasons),egg,,,,Species is reproductivery active for a year
Jerbi_Elayed_et_al_2022,23-03-2023,Kevin_Tougeron,kevin.tougeron@umons.ac.be,primary,https://doi.org/10.5281/zenodo.4721086,https://doi.org/10.1016/j.jtherbio.2021.103140,,Aphidius_colemani,,terrestrial,terrestrial,200,,,,,,,Mass rearing company,,01-01-2015,02-01-2015,,Lab,No,,,,,,,,,,,,,yes,,28,,,,,,,,,,28,,,,,,,,,,female,48,hours,tibia length,millimeter,0.35,no,counting,10,number of eggs,lifetime (multiple seasons),egg,,,,Species is reproductivery active for a year
Jerbi_Elayed_et_al_2022,23-03-2023,Kevin_Tougeron,kevin.tougeron@umons.ac.be,primary,https://doi.org/10.5281/zenodo.4721086,https://doi.org/10.1016/j.jtherbio.2021.103140,,Aphidius_colemani,,terrestrial,terrestrial,200,,,,,,,Mass rearing company,,01-01-2015,02-01-2015,,Lab,No,,,,,,,,,,,,,yes,,28,,,,,,,,,,28,,,,,,,,,,female,48,hours,tibia length,millimeter,0.3,no,counting,11,number of eggs,lifetime (multiple seasons),egg,,,,Species is reproductivery active for a year
Jerbi_Elayed_et_al_2022,23-03-2023,Kevin_Tougeron,kevin.tougeron@umons.ac.be,primary,https://doi.org/10.5281/zenodo.4721086,https://doi.org/10.1016/j.jtherbio.2021.103140,,Aphidius_colemani,,terrestrial,terrestrial,200,,,,,,,Mass rearing company,,01-01-2015,02-01-2015,,Lab,No,,,,,,,,,,,,,yes,,28,,,,,,,,,,28,,,,,,,,,,female,48,hours,tibia length,millimeter,0.3,no,counting,53,number of eggs,lifetime (multiple seasons),egg,,,,Species is reproductivery active for a year
Jerbi_Elayed_et_al_2022,23-03-2023,Kevin_Tougeron,kevin.tougeron@umons.ac.be,primary,https://doi.org/10.5281/zenodo.4721086,https://doi.org/10.1016/j.jtherbio.2021.103140,,Aphidius_colemani,,terrestrial,terrestrial,200,,,,,,,Mass rearing company,,01-01-2015,02-01-2015,,Lab,No,,,,,,,,,,,,,yes,,28,,,,,,,,,,28,,,,,,,,,,female,48,hours,tibia length,millimeter,0.35,no,counting,15,number of eggs,lifetime (multiple seasons),egg,,,,Species is reproductivery active for a year
Jerbi_Elayed_et_al_2022,23-03-2023,Kevin_Tougeron,kevin.tougeron@umons.ac.be,primary,https://doi.org/10.5281/zenodo.4721086,https://doi.org/10.1016/j.jtherbio.2021.103140,,Aphidius_colemani,,terrestrial,terrestrial,200,,,,,,,Mass rearing company,,01-01-2015,02-01-2015,,Lab,No,,,,,,,,,,,,,yes,,28,,,,,,,,,,28,,,,,,,,,,female,48,hours,tibia length,millimeter,0.3,no,counting,,number of eggs,lifetime (multiple seasons),egg,,,,Species is reproductivery active for a year
