dataset_id,date_of_contribution,name_contact,email_contact,type_of_reference,doi_dataset,doi_publication,comments_reference,species_reported,location_description,realm_general,realm_specific,depth_of_collection,elevation_of_collection,lat_gg_mm_ss,long_gg_mm_ss,origin,comments_location,date_of_collection_initial,date_of_collection_final,comments_timing,maintained,maintenance_duration_days,maintenance_duration_generations,maintenance_temperature,maintenance_salinity,maintenance_ph,maintenance_oxygen,maintenance_carbon_dioxide,maintenance_photoperiod,maintenance_humidity,maintenance_oxygen_units,maintenance_carbon_dioxide_units,maintenance_food_type,acclimated,acclimation_duration,acclimation_temperature,acclimation_salinity,acclimation_ph,acclimation_oxygen,acclimation_carbon_dioxide,acclimation_photoperiod,acclimation_humidity,acclimation_oxygen_units,acclimation_carbon_dioxide_units,acclimation_food_type,metabolic_rate_type,acclimation_chamber,fasting_time,sensor_type,respiration_volume,delay_time,respiratory_chamber_material,incubation_time,respirometry_type,breathing_mode,life_stage_general,life_stage_specific,sex,reproductive_stage,size_type,size_units,size_value,test_temperature,test_salinity,test_ph,test_oxygen,test_carbon_dioxide,test_oxygen_units,test_carbon_dioxide_units,test_photoperiod,test_humidity,comments_experimental_conditions,resp_unit,resp_value,comments_respiration
Mesas_and_Castaneda_2023,13-02-2023,Luis_Castañeda,luis.castaneda@uchile.cl,primary,https://doi.org/10.5061/dryad.2v6wwpzsg,https://doi.org/10.1093/evolut/qpac033,,Drosophila_subobscura,Valdivia_Chile,terrestrial,terrestrial,,35,-39.8,-73.2,field,,01-10-2014,01-10-2014,,yes,,27,21,,,,,12D_12L,,,,David's killed-yeast Drosophila medium,no,,,,,,,,,,,,routine,0.5,,"infrared CO2 analyzer Li-6251, LI-COR ",1.4,,ethyl vinyl acetate,0.25,open,aerial,adult,adult,female,virgin female,fresh body mass,milligram,1.388,21,,,,,,,,,control,uLCO2/h/ind,3.996736,
Mesas_and_Castaneda_2023,13-02-2023,Luis_Castañeda,luis.castaneda@uchile.cl,primary,https://doi.org/10.5061/dryad.2v6wwpzsg,https://doi.org/10.1093/evolut/qpac033,,Drosophila_subobscura,Valdivia_Chile,terrestrial,terrestrial,,35,-39.8,-73.2,field,,01-10-2014,01-10-2014,,yes,,27,21,,,,,12D_12L,,,,David's killed-yeast Drosophila medium,no,,,,,,,,,,,,routine,0.5,,"infrared CO2 analyzer Li-6251, LI-COR ",1.4,,ethyl vinyl acetate,0.25,open,aerial,adult,adult,female,virgin female,fresh body mass,milligram,1.499,21,,,,,,,,,control,uLCO2/h/ind,3.661296,
Mesas_and_Castaneda_2023,13-02-2023,Luis_Castañeda,luis.castaneda@uchile.cl,primary,https://doi.org/10.5061/dryad.2v6wwpzsg,https://doi.org/10.1093/evolut/qpac033,,Drosophila_subobscura,Valdivia_Chile,terrestrial,terrestrial,,35,-39.8,-73.2,field,,01-10-2014,01-10-2014,,yes,,27,21,,,,,12D_12L,,,,David's killed-yeast Drosophila medium,no,,,,,,,,,,,,routine,0.5,,"infrared CO2 analyzer Li-6251, LI-COR ",1.4,,ethyl vinyl acetate,0.25,open,aerial,adult,adult,female,virgin female,fresh body mass,milligram,1.234,21,,,,,,,,,control,uLCO2/h/ind,3.348746,
Mesas_and_Castaneda_2023,13-02-2023,Luis_Castañeda,luis.castaneda@uchile.cl,primary,https://doi.org/10.5061/dryad.2v6wwpzsg,https://doi.org/10.1093/evolut/qpac033,,Drosophila_subobscura,Valdivia_Chile,terrestrial,terrestrial,,35,-39.8,-73.2,field,,01-10-2014,01-10-2014,,yes,,27,21,,,,,12D_12L,,,,David's killed-yeast Drosophila medium,no,,,,,,,,,,,,routine,0.5,,"infrared CO2 analyzer Li-6251, LI-COR ",1.4,,ethyl vinyl acetate,0.25,open,aerial,adult,adult,female,virgin female,fresh body mass,milligram,1.58,21,,,,,,,,,control,uLCO2/h/ind,3.710191,
Mesas_and_Castaneda_2023,13-02-2023,Luis_Castañeda,luis.castaneda@uchile.cl,primary,https://doi.org/10.5061/dryad.2v6wwpzsg,https://doi.org/10.1093/evolut/qpac033,,Drosophila_subobscura,Valdivia_Chile,terrestrial,terrestrial,,35,-39.8,-73.2,field,,01-10-2014,01-10-2014,,yes,,27,21,,,,,12D_12L,,,,David's killed-yeast Drosophila medium,no,,,,,,,,,,,,routine,0.5,,"infrared CO2 analyzer Li-6251, LI-COR ",1.4,,ethyl vinyl acetate,0.25,open,aerial,adult,adult,female,virgin female,fresh body mass,milligram,1.635,21,,,,,,,,,control,uLCO2/h/ind,5.458474,
Mesas_and_Castaneda_2023,13-02-2023,Luis_Castañeda,luis.castaneda@uchile.cl,primary,https://doi.org/10.5061/dryad.2v6wwpzsg,https://doi.org/10.1093/evolut/qpac033,,Drosophila_subobscura,Valdivia_Chile,terrestrial,terrestrial,,35,-39.8,-73.2,field,,01-10-2014,01-10-2014,,yes,,27,21,,,,,12D_12L,,,,David's killed-yeast Drosophila medium,no,,,,,,,,,,,,routine,0.5,,"infrared CO2 analyzer Li-6251, LI-COR ",1.4,,ethyl vinyl acetate,0.25,open,aerial,adult,adult,female,virgin female,fresh body mass,milligram,1.515,21,,,,,,,,,control,uLCO2/h/ind,3.755259,
Mesas_and_Castaneda_2023,13-02-2023,Luis_Castañeda,luis.castaneda@uchile.cl,primary,https://doi.org/10.5061/dryad.2v6wwpzsg,https://doi.org/10.1093/evolut/qpac033,,Drosophila_subobscura,Valdivia_Chile,terrestrial,terrestrial,,35,-39.8,-73.2,field,,01-10-2014,01-10-2014,,yes,,27,21,,,,,12D_12L,,,,David's killed-yeast Drosophila medium,no,,,,,,,,,,,,routine,0.5,,"infrared CO2 analyzer Li-6251, LI-COR ",1.4,,ethyl vinyl acetate,0.25,open,aerial,adult,adult,female,virgin female,fresh body mass,milligram,1.651,21,,,,,,,,,control,uLCO2/h/ind,5.15265,
Mesas_and_Castaneda_2023,13-02-2023,Luis_Castañeda,luis.castaneda@uchile.cl,primary,https://doi.org/10.5061/dryad.2v6wwpzsg,https://doi.org/10.1093/evolut/qpac033,,Drosophila_subobscura,Valdivia_Chile,terrestrial,terrestrial,,35,-39.8,-73.2,field,,01-10-2014,01-10-2014,,yes,,27,21,,,,,12D_12L,,,,David's killed-yeast Drosophila medium,no,,,,,,,,,,,,routine,0.5,,"infrared CO2 analyzer Li-6251, LI-COR ",1.4,,ethyl vinyl acetate,0.25,open,aerial,adult,adult,female,virgin female,fresh body mass,milligram,1.568,21,,,,,,,,,control,uLCO2/h/ind,3.72545,
Mesas_and_Castaneda_2023,13-02-2023,Luis_Castañeda,luis.castaneda@uchile.cl,primary,https://doi.org/10.5061/dryad.2v6wwpzsg,https://doi.org/10.1093/evolut/qpac033,,Drosophila_subobscura,Valdivia_Chile,terrestrial,terrestrial,,35,-39.8,-73.2,field,,01-10-2014,01-10-2014,,yes,,27,21,,,,,12D_12L,,,,David's killed-yeast Drosophila medium,no,,,,,,,,,,,,routine,0.5,,"infrared CO2 analyzer Li-6251, LI-COR ",1.4,,ethyl vinyl acetate,0.25,open,aerial,adult,adult,female,virgin female,fresh body mass,milligram,1.571,21,,,,,,,,,control,uLCO2/h/ind,2.223494,
Mesas_and_Castaneda_2023,13-02-2023,Luis_Castañeda,luis.castaneda@uchile.cl,primary,https://doi.org/10.5061/dryad.2v6wwpzsg,https://doi.org/10.1093/evolut/qpac033,,Drosophila_subobscura,Valdivia_Chile,terrestrial,terrestrial,,35,-39.8,-73.2,field,,01-10-2014,01-10-2014,,yes,,27,21,,,,,12D_12L,,,,David's killed-yeast Drosophila medium,no,,,,,,,,,,,,routine,0.5,,"infrared CO2 analyzer Li-6251, LI-COR ",1.4,,ethyl vinyl acetate,0.25,open,aerial,adult,adult,female,virgin female,fresh body mass,milligram,1.48,21,,,,,,,,,control,uLCO2/h/ind,3.216654,
Mesas_and_Castaneda_2023,13-02-2023,Luis_Castañeda,luis.castaneda@uchile.cl,primary,https://doi.org/10.5061/dryad.2v6wwpzsg,https://doi.org/10.1093/evolut/qpac033,,Drosophila_subobscura,Valdivia_Chile,terrestrial,terrestrial,,35,-39.8,-73.2,field,,01-10-2014,01-10-2014,,yes,,27,21,,,,,12D_12L,,,,David's killed-yeast Drosophila medium,no,,,,,,,,,,,,routine,0.5,,"infrared CO2 analyzer Li-6251, LI-COR ",1.4,,ethyl vinyl acetate,0.25,open,aerial,adult,adult,female,virgin female,fresh body mass,milligram,1.438,21,,,,,,,,,control,uLCO2/h/ind,3.575292,
Mesas_and_Castaneda_2023,13-02-2023,Luis_Castañeda,luis.castaneda@uchile.cl,primary,https://doi.org/10.5061/dryad.2v6wwpzsg,https://doi.org/10.1093/evolut/qpac033,,Drosophila_subobscura,Valdivia_Chile,terrestrial,terrestrial,,35,-39.8,-73.2,field,,01-10-2014,01-10-2014,,yes,,27,21,,,,,12D_12L,,,,David's killed-yeast Drosophila medium,no,,,,,,,,,,,,routine,0.5,,"infrared CO2 analyzer Li-6251, LI-COR ",1.4,,ethyl vinyl acetate,0.25,open,aerial,adult,adult,female,virgin female,fresh body mass,milligram,1.445,21,,,,,,,,,control,uLCO2/h/ind,3.015929,
Mesas_and_Castaneda_2023,13-02-2023,Luis_Castañeda,luis.castaneda@uchile.cl,primary,https://doi.org/10.5061/dryad.2v6wwpzsg,https://doi.org/10.1093/evolut/qpac033,,Drosophila_subobscura,Valdivia_Chile,terrestrial,terrestrial,,35,-39.8,-73.2,field,,01-10-2014,01-10-2014,,yes,,27,21,,,,,12D_12L,,,,David's killed-yeast Drosophila medium,no,,,,,,,,,,,,routine,0.5,,"infrared CO2 analyzer Li-6251, LI-COR ",1.4,,ethyl vinyl acetate,0.25,open,aerial,adult,adult,female,virgin female,fresh body mass,milligram,1.492,21,,,,,,,,,control,uLCO2/h/ind,3.653908,
Mesas_and_Castaneda_2023,13-02-2023,Luis_Castañeda,luis.castaneda@uchile.cl,primary,https://doi.org/10.5061/dryad.2v6wwpzsg,https://doi.org/10.1093/evolut/qpac033,,Drosophila_subobscura,Valdivia_Chile,terrestrial,terrestrial,,35,-39.8,-73.2,field,,01-10-2014,01-10-2014,,yes,,27,21,,,,,12D_12L,,,,David's killed-yeast Drosophila medium,no,,,,,,,,,,,,routine,0.5,,"infrared CO2 analyzer Li-6251, LI-COR ",1.4,,ethyl vinyl acetate,0.25,open,aerial,adult,adult,female,virgin female,fresh body mass,milligram,1.551,21,,,,,,,,,control,uLCO2/h/ind,4.789664,
Mesas_and_Castaneda_2023,13-02-2023,Luis_Castañeda,luis.castaneda@uchile.cl,primary,https://doi.org/10.5061/dryad.2v6wwpzsg,https://doi.org/10.1093/evolut/qpac033,,Drosophila_subobscura,Valdivia_Chile,terrestrial,terrestrial,,35,-39.8,-73.2,field,,01-10-2014,01-10-2014,,yes,,27,21,,,,,12D_12L,,,,David's killed-yeast Drosophila medium,no,,,,,,,,,,,,routine,0.5,,"infrared CO2 analyzer Li-6251, LI-COR ",1.4,,ethyl vinyl acetate,0.25,open,aerial,adult,adult,female,virgin female,fresh body mass,milligram,1.721,21,,,,,,,,,control,uLCO2/h/ind,3.411597,
Mesas_and_Castaneda_2023,13-02-2023,Luis_Castañeda,luis.castaneda@uchile.cl,primary,https://doi.org/10.5061/dryad.2v6wwpzsg,https://doi.org/10.1093/evolut/qpac033,,Drosophila_subobscura,Valdivia_Chile,terrestrial,terrestrial,,35,-39.8,-73.2,field,,01-10-2014,01-10-2014,,yes,,27,21,,,,,12D_12L,,,,David's killed-yeast Drosophila medium,no,,,,,,,,,,,,routine,0.5,,"infrared CO2 analyzer Li-6251, LI-COR ",1.4,,ethyl vinyl acetate,0.25,open,aerial,adult,adult,female,virgin female,fresh body mass,milligram,1.62,21,,,,,,,,,control,uLCO2/h/ind,4.059134,
Mesas_and_Castaneda_2023,13-02-2023,Luis_Castañeda,luis.castaneda@uchile.cl,primary,https://doi.org/10.5061/dryad.2v6wwpzsg,https://doi.org/10.1093/evolut/qpac033,,Drosophila_subobscura,Valdivia_Chile,terrestrial,terrestrial,,35,-39.8,-73.2,field,,01-10-2014,01-10-2014,,yes,,27,21,,,,,12D_12L,,,,David's killed-yeast Drosophila medium,no,,,,,,,,,,,,routine,0.5,,"infrared CO2 analyzer Li-6251, LI-COR ",1.4,,ethyl vinyl acetate,0.25,open,aerial,adult,adult,female,virgin female,fresh body mass,milligram,1.2,21,,,,,,,,,control,uLCO2/h/ind,3.08025,
Mesas_and_Castaneda_2023,13-02-2023,Luis_Castañeda,luis.castaneda@uchile.cl,primary,https://doi.org/10.5061/dryad.2v6wwpzsg,https://doi.org/10.1093/evolut/qpac033,,Drosophila_subobscura,Valdivia_Chile,terrestrial,terrestrial,,35,-39.8,-73.2,field,,01-10-2014,01-10-2014,,yes,,27,21,,,,,12D_12L,,,,David's killed-yeast Drosophila medium,no,,,,,,,,,,,,routine,0.5,,"infrared CO2 analyzer Li-6251, LI-COR ",1.4,,ethyl vinyl acetate,0.25,open,aerial,adult,adult,female,virgin female,fresh body mass,milligram,1.502,21,,,,,,,,,control,uLCO2/h/ind,2.730403,
Mesas_and_Castaneda_2023,13-02-2023,Luis_Castañeda,luis.castaneda@uchile.cl,primary,https://doi.org/10.5061/dryad.2v6wwpzsg,https://doi.org/10.1093/evolut/qpac033,,Drosophila_subobscura,Valdivia_Chile,terrestrial,terrestrial,,35,-39.8,-73.2,field,,01-10-2014,01-10-2014,,yes,,27,21,,,,,12D_12L,,,,David's killed-yeast Drosophila medium,no,,,,,,,,,,,,routine,0.5,,"infrared CO2 analyzer Li-6251, LI-COR ",1.4,,ethyl vinyl acetate,0.25,open,aerial,adult,adult,female,virgin female,fresh body mass,milligram,1.25,21,,,,,,,,,control,uLCO2/h/ind,3.18746,
Mesas_and_Castaneda_2023,13-02-2023,Luis_Castañeda,luis.castaneda@uchile.cl,primary,https://doi.org/10.5061/dryad.2v6wwpzsg,https://doi.org/10.1093/evolut/qpac033,,Drosophila_subobscura,Valdivia_Chile,terrestrial,terrestrial,,35,-39.8,-73.2,field,,01-10-2014,01-10-2014,,yes,,27,21,,,,,12D_12L,,,,David's killed-yeast Drosophila medium,no,,,,,,,,,,,,routine,0.5,,"infrared CO2 analyzer Li-6251, LI-COR ",1.4,,ethyl vinyl acetate,0.25,open,aerial,adult,adult,female,virgin female,fresh body mass,milligram,1.611,21,,,,,,,,,control,uLCO2/h/ind,2.74677,
Mesas_and_Castaneda_2023,13-02-2023,Luis_Castañeda,luis.castaneda@uchile.cl,primary,https://doi.org/10.5061/dryad.2v6wwpzsg,https://doi.org/10.1093/evolut/qpac033,,Drosophila_subobscura,Valdivia_Chile,terrestrial,terrestrial,,35,-39.8,-73.2,field,,01-10-2014,01-10-2014,,yes,,27,21,,,,,12D_12L,,,,David's killed-yeast Drosophila medium,no,,,,,,,,,,,,routine,0.5,,"infrared CO2 analyzer Li-6251, LI-COR ",1.4,,ethyl vinyl acetate,0.25,open,aerial,adult,adult,female,virgin female,fresh body mass,milligram,1.618,21,,,,,,,,,control,uLCO2/h/ind,4.280621,
Mesas_and_Castaneda_2023,13-02-2023,Luis_Castañeda,luis.castaneda@uchile.cl,primary,https://doi.org/10.5061/dryad.2v6wwpzsg,https://doi.org/10.1093/evolut/qpac033,,Drosophila_subobscura,Valdivia_Chile,terrestrial,terrestrial,,35,-39.8,-73.2,field,,01-10-2014,01-10-2014,,yes,,27,21,,,,,12D_12L,,,,David's killed-yeast Drosophila medium,no,,,,,,,,,,,,routine,0.5,,"infrared CO2 analyzer Li-6251, LI-COR ",1.4,,ethyl vinyl acetate,0.25,open,aerial,adult,adult,female,virgin female,fresh body mass,milligram,1.88,21,,,,,,,,,control,uLCO2/h/ind,4.289432,
Mesas_and_Castaneda_2023,13-02-2023,Luis_Castañeda,luis.castaneda@uchile.cl,primary,https://doi.org/10.5061/dryad.2v6wwpzsg,https://doi.org/10.1093/evolut/qpac033,,Drosophila_subobscura,Valdivia_Chile,terrestrial,terrestrial,,35,-39.8,-73.2,field,,01-10-2014,01-10-2014,,yes,,27,21,,,,,12D_12L,,,,David's killed-yeast Drosophila medium,no,,,,,,,,,,,,routine,0.5,,"infrared CO2 analyzer Li-6251, LI-COR ",1.4,,ethyl vinyl acetate,0.25,open,aerial,adult,adult,female,virgin female,fresh body mass,milligram,1.598,21,,,,,,,,,control,uLCO2/h/ind,3.021085,
Mesas_and_Castaneda_2023,13-02-2023,Luis_Castañeda,luis.castaneda@uchile.cl,primary,https://doi.org/10.5061/dryad.2v6wwpzsg,https://doi.org/10.1093/evolut/qpac033,,Drosophila_subobscura,Valdivia_Chile,terrestrial,terrestrial,,35,-39.8,-73.2,field,,01-10-2014,01-10-2014,,yes,,27,21,,,,,12D_12L,,,,David's killed-yeast Drosophila medium,no,,,,,,,,,,,,routine,0.5,,"infrared CO2 analyzer Li-6251, LI-COR ",1.4,,ethyl vinyl acetate,0.25,open,aerial,adult,adult,female,virgin female,fresh body mass,milligram,1.3,21,,,,,,,,,control,uLCO2/h/ind,2.652537,
Mesas_and_Castaneda_2023,13-02-2023,Luis_Castañeda,luis.castaneda@uchile.cl,primary,https://doi.org/10.5061/dryad.2v6wwpzsg,https://doi.org/10.1093/evolut/qpac033,,Drosophila_subobscura,Valdivia_Chile,terrestrial,terrestrial,,35,-39.8,-73.2,field,,01-10-2014,01-10-2014,,yes,,27,21,,,,,12D_12L,,,,David's killed-yeast Drosophila medium,no,,,,,,,,,,,,routine,0.5,,"infrared CO2 analyzer Li-6251, LI-COR ",1.4,,ethyl vinyl acetate,0.25,open,aerial,adult,adult,female,virgin female,fresh body mass,milligram,1.595,21,,,,,,,,,control,uLCO2/h/ind,4.744499,
Mesas_and_Castaneda_2023,13-02-2023,Luis_Castañeda,luis.castaneda@uchile.cl,primary,https://doi.org/10.5061/dryad.2v6wwpzsg,https://doi.org/10.1093/evolut/qpac033,,Drosophila_subobscura,Valdivia_Chile,terrestrial,terrestrial,,35,-39.8,-73.2,field,,01-10-2014,01-10-2014,,yes,,27,21,,,,,12D_12L,,,,David's killed-yeast Drosophila medium,no,,,,,,,,,,,,routine,0.5,,"infrared CO2 analyzer Li-6251, LI-COR ",1.4,,ethyl vinyl acetate,0.25,open,aerial,adult,adult,female,virgin female,fresh body mass,milligram,1.491,21,,,,,,,,,control,uLCO2/h/ind,3.130481,
Mesas_and_Castaneda_2023,13-02-2023,Luis_Castañeda,luis.castaneda@uchile.cl,primary,https://doi.org/10.5061/dryad.2v6wwpzsg,https://doi.org/10.1093/evolut/qpac033,,Drosophila_subobscura,Valdivia_Chile,terrestrial,terrestrial,,35,-39.8,-73.2,field,,01-10-2014,01-10-2014,,yes,,27,21,,,,,12D_12L,,,,David's killed-yeast Drosophila medium,no,,,,,,,,,,,,routine,0.5,,"infrared CO2 analyzer Li-6251, LI-COR ",1.4,,ethyl vinyl acetate,0.25,open,aerial,adult,adult,female,virgin female,fresh body mass,milligram,1.497,21,,,,,,,,,control,uLCO2/h/ind,3.079054,
Mesas_and_Castaneda_2023,13-02-2023,Luis_Castañeda,luis.castaneda@uchile.cl,primary,https://doi.org/10.5061/dryad.2v6wwpzsg,https://doi.org/10.1093/evolut/qpac033,,Drosophila_subobscura,Valdivia_Chile,terrestrial,terrestrial,,35,-39.8,-73.2,field,,01-10-2014,01-10-2014,,yes,,27,21,,,,,12D_12L,,,,David's killed-yeast Drosophila medium,no,,,,,,,,,,,,routine,0.5,,"infrared CO2 analyzer Li-6251, LI-COR ",1.4,,ethyl vinyl acetate,0.25,open,aerial,adult,adult,female,virgin female,fresh body mass,milligram,1.61,21,,,,,,,,,control,uLCO2/h/ind,6.737358,
Mesas_and_Castaneda_2023,13-02-2023,Luis_Castañeda,luis.castaneda@uchile.cl,primary,https://doi.org/10.5061/dryad.2v6wwpzsg,https://doi.org/10.1093/evolut/qpac033,,Drosophila_subobscura,Valdivia_Chile,terrestrial,terrestrial,,35,-39.8,-73.2,field,,01-10-2014,01-10-2014,,yes,,27,21,,,,,12D_12L,,,,David's killed-yeast Drosophila medium,no,,,,,,,,,,,,routine,0.5,,"infrared CO2 analyzer Li-6251, LI-COR ",1.4,,ethyl vinyl acetate,0.25,open,aerial,adult,adult,female,virgin female,fresh body mass,milligram,1.88,21,,,,,,,,,control,uLCO2/h/ind,3.404157,
Mesas_and_Castaneda_2023,13-02-2023,Luis_Castañeda,luis.castaneda@uchile.cl,primary,https://doi.org/10.5061/dryad.2v6wwpzsg,https://doi.org/10.1093/evolut/qpac033,,Drosophila_subobscura,Valdivia_Chile,terrestrial,terrestrial,,35,-39.8,-73.2,field,,01-10-2014,01-10-2014,,yes,,27,21,,,,,12D_12L,,,,David's killed-yeast Drosophila medium,no,,,,,,,,,,,,routine,0.5,,"infrared CO2 analyzer Li-6251, LI-COR ",1.4,,ethyl vinyl acetate,0.25,open,aerial,adult,adult,female,virgin female,fresh body mass,milligram,1.672,21,,,,,,,,,control,uLCO2/h/ind,3.602398,
Mesas_and_Castaneda_2023,13-02-2023,Luis_Castañeda,luis.castaneda@uchile.cl,primary,https://doi.org/10.5061/dryad.2v6wwpzsg,https://doi.org/10.1093/evolut/qpac033,,Drosophila_subobscura,Valdivia_Chile,terrestrial,terrestrial,,35,-39.8,-73.2,field,,01-10-2014,01-10-2014,,yes,,27,21,,,,,12D_12L,,,,David's killed-yeast Drosophila medium,no,,,,,,,,,,,,routine,0.5,,"infrared CO2 analyzer Li-6251, LI-COR ",1.4,,ethyl vinyl acetate,0.25,open,aerial,adult,adult,female,virgin female,fresh body mass,milligram,1.473,21,,,,,,,,,control,uLCO2/h/ind,3.538117,
Mesas_and_Castaneda_2023,13-02-2023,Luis_Castañeda,luis.castaneda@uchile.cl,primary,https://doi.org/10.5061/dryad.2v6wwpzsg,https://doi.org/10.1093/evolut/qpac033,,Drosophila_subobscura,Valdivia_Chile,terrestrial,terrestrial,,35,-39.8,-73.2,field,,01-10-2014,01-10-2014,,yes,,27,21,,,,,12D_12L,,,,David's killed-yeast Drosophila medium,no,,,,,,,,,,,,routine,0.5,,"infrared CO2 analyzer Li-6251, LI-COR ",1.4,,ethyl vinyl acetate,0.25,open,aerial,adult,adult,female,virgin female,fresh body mass,milligram,1.21,21,,,,,,,,,control,uLCO2/h/ind,2.841662,
Mesas_and_Castaneda_2023,13-02-2023,Luis_Castañeda,luis.castaneda@uchile.cl,primary,https://doi.org/10.5061/dryad.2v6wwpzsg,https://doi.org/10.1093/evolut/qpac033,,Drosophila_subobscura,Valdivia_Chile,terrestrial,terrestrial,,35,-39.8,-73.2,field,,01-10-2014,01-10-2014,,yes,,27,21,,,,,12D_12L,,,,David's killed-yeast Drosophila medium,no,,,,,,,,,,,,routine,0.5,,"infrared CO2 analyzer Li-6251, LI-COR ",1.4,,ethyl vinyl acetate,0.25,open,aerial,adult,adult,female,virgin female,fresh body mass,milligram,1.566,21,,,,,,,,,control,uLCO2/h/ind,3.18908,
Mesas_and_Castaneda_2023,13-02-2023,Luis_Castañeda,luis.castaneda@uchile.cl,primary,https://doi.org/10.5061/dryad.2v6wwpzsg,https://doi.org/10.1093/evolut/qpac033,,Drosophila_subobscura,Valdivia_Chile,terrestrial,terrestrial,,35,-39.8,-73.2,field,,01-10-2014,01-10-2014,,yes,,27,21,,,,,12D_12L,,,,David's killed-yeast Drosophila medium,no,,,,,,,,,,,,routine,0.5,,"infrared CO2 analyzer Li-6251, LI-COR ",1.4,,ethyl vinyl acetate,0.25,open,aerial,adult,adult,female,virgin female,fresh body mass,milligram,1.655,21,,,,,,,,,control,uLCO2/h/ind,3.498427,
Mesas_and_Castaneda_2023,13-02-2023,Luis_Castañeda,luis.castaneda@uchile.cl,primary,https://doi.org/10.5061/dryad.2v6wwpzsg,https://doi.org/10.1093/evolut/qpac033,,Drosophila_subobscura,Valdivia_Chile,terrestrial,terrestrial,,35,-39.8,-73.2,field,,01-10-2014,01-10-2014,,yes,,27,21,,,,,12D_12L,,,,David's killed-yeast Drosophila medium,no,,,,,,,,,,,,routine,0.5,,"infrared CO2 analyzer Li-6251, LI-COR ",1.4,,ethyl vinyl acetate,0.25,open,aerial,adult,adult,female,virgin female,fresh body mass,milligram,1.41,21,,,,,,,,,control,uLCO2/h/ind,3.889593,
Mesas_and_Castaneda_2023,13-02-2023,Luis_Castañeda,luis.castaneda@uchile.cl,primary,https://doi.org/10.5061/dryad.2v6wwpzsg,https://doi.org/10.1093/evolut/qpac033,,Drosophila_subobscura,Valdivia_Chile,terrestrial,terrestrial,,35,-39.8,-73.2,field,,01-10-2014,01-10-2014,,yes,,27,21,,,,,12D_12L,,,,David's killed-yeast Drosophila medium,no,,,,,,,,,,,,routine,0.5,,"infrared CO2 analyzer Li-6251, LI-COR ",1.4,,ethyl vinyl acetate,0.25,open,aerial,adult,adult,female,virgin female,fresh body mass,milligram,1.416,21,,,,,,,,,control,uLCO2/h/ind,2.326299,
Mesas_and_Castaneda_2023,13-02-2023,Luis_Castañeda,luis.castaneda@uchile.cl,primary,https://doi.org/10.5061/dryad.2v6wwpzsg,https://doi.org/10.1093/evolut/qpac033,,Drosophila_subobscura,Valdivia_Chile,terrestrial,terrestrial,,35,-39.8,-73.2,field,,01-10-2014,01-10-2014,,yes,,27,21,,,,,12D_12L,,,,David's killed-yeast Drosophila medium,no,,,,,,,,,,,,routine,0.5,,"infrared CO2 analyzer Li-6251, LI-COR ",1.4,,ethyl vinyl acetate,0.25,open,aerial,adult,adult,female,virgin female,fresh body mass,milligram,1.262,21,,,,,,,,,control,uLCO2/h/ind,3.692562,
Mesas_and_Castaneda_2023,13-02-2023,Luis_Castañeda,luis.castaneda@uchile.cl,primary,https://doi.org/10.5061/dryad.2v6wwpzsg,https://doi.org/10.1093/evolut/qpac033,,Drosophila_subobscura,Valdivia_Chile,terrestrial,terrestrial,,35,-39.8,-73.2,field,,01-10-2014,01-10-2014,,yes,,27,21,,,,,12D_12L,,,,David's killed-yeast Drosophila medium,no,,,,,,,,,,,,routine,0.5,,"infrared CO2 analyzer Li-6251, LI-COR ",1.4,,ethyl vinyl acetate,0.25,open,aerial,adult,adult,female,virgin female,fresh body mass,milligram,1.498,21,,,,,,,,,control,uLCO2/h/ind,3.646198,
Mesas_and_Castaneda_2023,13-02-2023,Luis_Castañeda,luis.castaneda@uchile.cl,primary,https://doi.org/10.5061/dryad.2v6wwpzsg,https://doi.org/10.1093/evolut/qpac033,,Drosophila_subobscura,Valdivia_Chile,terrestrial,terrestrial,,35,-39.8,-73.2,field,,01-10-2014,01-10-2014,,yes,,27,21,,,,,12D_12L,,,,David's killed-yeast Drosophila medium,no,,,,,,,,,,,,routine,0.5,,"infrared CO2 analyzer Li-6251, LI-COR ",1.4,,ethyl vinyl acetate,0.25,open,aerial,adult,adult,female,virgin female,fresh body mass,milligram,1.626,21,,,,,,,,,control,uLCO2/h/ind,4.016642,
Mesas_and_Castaneda_2023,13-02-2023,Luis_Castañeda,luis.castaneda@uchile.cl,primary,https://doi.org/10.5061/dryad.2v6wwpzsg,https://doi.org/10.1093/evolut/qpac033,,Drosophila_subobscura,Valdivia_Chile,terrestrial,terrestrial,,35,-39.8,-73.2,field,,01-10-2014,01-10-2014,,yes,,27,21,,,,,12D_12L,,,,David's killed-yeast Drosophila medium,no,,,,,,,,,,,,routine,0.5,,"infrared CO2 analyzer Li-6251, LI-COR ",1.4,,ethyl vinyl acetate,0.25,open,aerial,adult,adult,female,virgin female,fresh body mass,milligram,1.32,21,,,,,,,,,control,uLCO2/h/ind,3.119795,
Mesas_and_Castaneda_2023,13-02-2023,Luis_Castañeda,luis.castaneda@uchile.cl,primary,https://doi.org/10.5061/dryad.2v6wwpzsg,https://doi.org/10.1093/evolut/qpac033,,Drosophila_subobscura,Valdivia_Chile,terrestrial,terrestrial,,35,-39.8,-73.2,field,,01-10-2014,01-10-2014,,yes,,27,21,,,,,12D_12L,,,,David's killed-yeast Drosophila medium,no,,,,,,,,,,,,routine,0.5,,"infrared CO2 analyzer Li-6251, LI-COR ",1.4,,ethyl vinyl acetate,0.25,open,aerial,adult,adult,female,virgin female,fresh body mass,milligram,1.652,21,,,,,,,,,control,uLCO2/h/ind,4.54936,
Mesas_and_Castaneda_2023,13-02-2023,Luis_Castañeda,luis.castaneda@uchile.cl,primary,https://doi.org/10.5061/dryad.2v6wwpzsg,https://doi.org/10.1093/evolut/qpac033,,Drosophila_subobscura,Valdivia_Chile,terrestrial,terrestrial,,35,-39.8,-73.2,field,,01-10-2014,01-10-2014,,yes,,27,21,,,,,12D_12L,,,,David's killed-yeast Drosophila medium,no,,,,,,,,,,,,routine,0.5,,"infrared CO2 analyzer Li-6251, LI-COR ",1.4,,ethyl vinyl acetate,0.25,open,aerial,adult,adult,female,virgin female,fresh body mass,milligram,1.449,21,,,,,,,,,control,uLCO2/h/ind,3.785993,
Mesas_and_Castaneda_2023,13-02-2023,Luis_Castañeda,luis.castaneda@uchile.cl,primary,https://doi.org/10.5061/dryad.2v6wwpzsg,https://doi.org/10.1093/evolut/qpac033,,Drosophila_subobscura,Valdivia_Chile,terrestrial,terrestrial,,35,-39.8,-73.2,field,,01-10-2014,01-10-2014,,yes,,27,21,,,,,12D_12L,,,,David's killed-yeast Drosophila medium,no,,,,,,,,,,,,routine,0.5,,"infrared CO2 analyzer Li-6251, LI-COR ",1.4,,ethyl vinyl acetate,0.25,open,aerial,adult,adult,female,virgin female,fresh body mass,milligram,1.498,21,,,,,,,,,control,uLCO2/h/ind,3.324581,
Mesas_and_Castaneda_2023,13-02-2023,Luis_Castañeda,luis.castaneda@uchile.cl,primary,https://doi.org/10.5061/dryad.2v6wwpzsg,https://doi.org/10.1093/evolut/qpac033,,Drosophila_subobscura,Valdivia_Chile,terrestrial,terrestrial,,35,-39.8,-73.2,field,,01-10-2014,01-10-2014,,yes,,27,21,,,,,12D_12L,,,,David's killed-yeast Drosophila medium,no,,,,,,,,,,,,routine,0.5,,"infrared CO2 analyzer Li-6251, LI-COR ",1.4,,ethyl vinyl acetate,0.25,open,aerial,adult,adult,female,virgin female,fresh body mass,milligram,1.636,21,,,,,,,,,control,uLCO2/h/ind,3.263901,
Mesas_and_Castaneda_2023,13-02-2023,Luis_Castañeda,luis.castaneda@uchile.cl,primary,https://doi.org/10.5061/dryad.2v6wwpzsg,https://doi.org/10.1093/evolut/qpac033,,Drosophila_subobscura,Valdivia_Chile,terrestrial,terrestrial,,35,-39.8,-73.2,field,,01-10-2014,01-10-2014,,yes,,27,21,,,,,12D_12L,,,,David's killed-yeast Drosophila medium,no,,,,,,,,,,,,routine,0.5,,"infrared CO2 analyzer Li-6251, LI-COR ",1.4,,ethyl vinyl acetate,0.25,open,aerial,adult,adult,female,virgin female,fresh body mass,milligram,1.371,21,,,,,,,,,control,uLCO2/h/ind,2.766753,
Mesas_and_Castaneda_2023,13-02-2023,Luis_Castañeda,luis.castaneda@uchile.cl,primary,https://doi.org/10.5061/dryad.2v6wwpzsg,https://doi.org/10.1093/evolut/qpac033,,Drosophila_subobscura,Valdivia_Chile,terrestrial,terrestrial,,35,-39.8,-73.2,field,,01-10-2014,01-10-2014,,yes,,27,21,,,,,12D_12L,,,,David's killed-yeast Drosophila medium,no,,,,,,,,,,,,routine,0.5,,"infrared CO2 analyzer Li-6251, LI-COR ",1.4,,ethyl vinyl acetate,0.25,open,aerial,adult,adult,female,virgin female,fresh body mass,milligram,1.412,21,,,,,,,,,fast-ramping,uLCO2/h/ind,4.101969,
Mesas_and_Castaneda_2023,13-02-2023,Luis_Castañeda,luis.castaneda@uchile.cl,primary,https://doi.org/10.5061/dryad.2v6wwpzsg,https://doi.org/10.1093/evolut/qpac033,,Drosophila_subobscura,Valdivia_Chile,terrestrial,terrestrial,,35,-39.8,-73.2,field,,01-10-2014,01-10-2014,,yes,,27,21,,,,,12D_12L,,,,David's killed-yeast Drosophila medium,no,,,,,,,,,,,,routine,0.5,,"infrared CO2 analyzer Li-6251, LI-COR ",1.4,,ethyl vinyl acetate,0.25,open,aerial,adult,adult,female,virgin female,fresh body mass,milligram,1.623,21,,,,,,,,,fast-ramping,uLCO2/h/ind,4.032826,
Mesas_and_Castaneda_2023,13-02-2023,Luis_Castañeda,luis.castaneda@uchile.cl,primary,https://doi.org/10.5061/dryad.2v6wwpzsg,https://doi.org/10.1093/evolut/qpac033,,Drosophila_subobscura,Valdivia_Chile,terrestrial,terrestrial,,35,-39.8,-73.2,field,,01-10-2014,01-10-2014,,yes,,27,21,,,,,12D_12L,,,,David's killed-yeast Drosophila medium,no,,,,,,,,,,,,routine,0.5,,"infrared CO2 analyzer Li-6251, LI-COR ",1.4,,ethyl vinyl acetate,0.25,open,aerial,adult,adult,female,virgin female,fresh body mass,milligram,1.611,21,,,,,,,,,fast-ramping,uLCO2/h/ind,3.199831,
Mesas_and_Castaneda_2023,13-02-2023,Luis_Castañeda,luis.castaneda@uchile.cl,primary,https://doi.org/10.5061/dryad.2v6wwpzsg,https://doi.org/10.1093/evolut/qpac033,,Drosophila_subobscura,Valdivia_Chile,terrestrial,terrestrial,,35,-39.8,-73.2,field,,01-10-2014,01-10-2014,,yes,,27,21,,,,,12D_12L,,,,David's killed-yeast Drosophila medium,no,,,,,,,,,,,,routine,0.5,,"infrared CO2 analyzer Li-6251, LI-COR ",1.4,,ethyl vinyl acetate,0.25,open,aerial,adult,adult,female,virgin female,fresh body mass,milligram,1.415,21,,,,,,,,,fast-ramping,uLCO2/h/ind,4.908323,
Mesas_and_Castaneda_2023,13-02-2023,Luis_Castañeda,luis.castaneda@uchile.cl,primary,https://doi.org/10.5061/dryad.2v6wwpzsg,https://doi.org/10.1093/evolut/qpac033,,Drosophila_subobscura,Valdivia_Chile,terrestrial,terrestrial,,35,-39.8,-73.2,field,,01-10-2014,01-10-2014,,yes,,27,21,,,,,12D_12L,,,,David's killed-yeast Drosophila medium,no,,,,,,,,,,,,routine,0.5,,"infrared CO2 analyzer Li-6251, LI-COR ",1.4,,ethyl vinyl acetate,0.25,open,aerial,adult,adult,female,virgin female,fresh body mass,milligram,1.59,21,,,,,,,,,fast-ramping,uLCO2/h/ind,5.047127,
Mesas_and_Castaneda_2023,13-02-2023,Luis_Castañeda,luis.castaneda@uchile.cl,primary,https://doi.org/10.5061/dryad.2v6wwpzsg,https://doi.org/10.1093/evolut/qpac033,,Drosophila_subobscura,Valdivia_Chile,terrestrial,terrestrial,,35,-39.8,-73.2,field,,01-10-2014,01-10-2014,,yes,,27,21,,,,,12D_12L,,,,David's killed-yeast Drosophila medium,no,,,,,,,,,,,,routine,0.5,,"infrared CO2 analyzer Li-6251, LI-COR ",1.4,,ethyl vinyl acetate,0.25,open,aerial,adult,adult,female,virgin female,fresh body mass,milligram,1.561,21,,,,,,,,,fast-ramping,uLCO2/h/ind,3.795947,
Mesas_and_Castaneda_2023,13-02-2023,Luis_Castañeda,luis.castaneda@uchile.cl,primary,https://doi.org/10.5061/dryad.2v6wwpzsg,https://doi.org/10.1093/evolut/qpac033,,Drosophila_subobscura,Valdivia_Chile,terrestrial,terrestrial,,35,-39.8,-73.2,field,,01-10-2014,01-10-2014,,yes,,27,21,,,,,12D_12L,,,,David's killed-yeast Drosophila medium,no,,,,,,,,,,,,routine,0.5,,"infrared CO2 analyzer Li-6251, LI-COR ",1.4,,ethyl vinyl acetate,0.25,open,aerial,adult,adult,female,virgin female,fresh body mass,milligram,1.587,21,,,,,,,,,fast-ramping,uLCO2/h/ind,3.947728,
Mesas_and_Castaneda_2023,13-02-2023,Luis_Castañeda,luis.castaneda@uchile.cl,primary,https://doi.org/10.5061/dryad.2v6wwpzsg,https://doi.org/10.1093/evolut/qpac033,,Drosophila_subobscura,Valdivia_Chile,terrestrial,terrestrial,,35,-39.8,-73.2,field,,01-10-2014,01-10-2014,,yes,,27,21,,,,,12D_12L,,,,David's killed-yeast Drosophila medium,no,,,,,,,,,,,,routine,0.5,,"infrared CO2 analyzer Li-6251, LI-COR ",1.4,,ethyl vinyl acetate,0.25,open,aerial,adult,adult,female,virgin female,fresh body mass,milligram,1.687,21,,,,,,,,,fast-ramping,uLCO2/h/ind,5.25412,
Mesas_and_Castaneda_2023,13-02-2023,Luis_Castañeda,luis.castaneda@uchile.cl,primary,https://doi.org/10.5061/dryad.2v6wwpzsg,https://doi.org/10.1093/evolut/qpac033,,Drosophila_subobscura,Valdivia_Chile,terrestrial,terrestrial,,35,-39.8,-73.2,field,,01-10-2014,01-10-2014,,yes,,27,21,,,,,12D_12L,,,,David's killed-yeast Drosophila medium,no,,,,,,,,,,,,routine,0.5,,"infrared CO2 analyzer Li-6251, LI-COR ",1.4,,ethyl vinyl acetate,0.25,open,aerial,adult,adult,female,virgin female,fresh body mass,milligram,1.69,21,,,,,,,,,fast-ramping,uLCO2/h/ind,2.375165,
Mesas_and_Castaneda_2023,13-02-2023,Luis_Castañeda,luis.castaneda@uchile.cl,primary,https://doi.org/10.5061/dryad.2v6wwpzsg,https://doi.org/10.1093/evolut/qpac033,,Drosophila_subobscura,Valdivia_Chile,terrestrial,terrestrial,,35,-39.8,-73.2,field,,01-10-2014,01-10-2014,,yes,,27,21,,,,,12D_12L,,,,David's killed-yeast Drosophila medium,no,,,,,,,,,,,,routine,0.5,,"infrared CO2 analyzer Li-6251, LI-COR ",1.4,,ethyl vinyl acetate,0.25,open,aerial,adult,adult,female,virgin female,fresh body mass,milligram,1.65,21,,,,,,,,,fast-ramping,uLCO2/h/ind,3.924385,
Mesas_and_Castaneda_2023,13-02-2023,Luis_Castañeda,luis.castaneda@uchile.cl,primary,https://doi.org/10.5061/dryad.2v6wwpzsg,https://doi.org/10.1093/evolut/qpac033,,Drosophila_subobscura,Valdivia_Chile,terrestrial,terrestrial,,35,-39.8,-73.2,field,,01-10-2014,01-10-2014,,yes,,27,21,,,,,12D_12L,,,,David's killed-yeast Drosophila medium,no,,,,,,,,,,,,routine,0.5,,"infrared CO2 analyzer Li-6251, LI-COR ",1.4,,ethyl vinyl acetate,0.25,open,aerial,adult,adult,female,virgin female,fresh body mass,milligram,1.671,21,,,,,,,,,fast-ramping,uLCO2/h/ind,5.143043,
Mesas_and_Castaneda_2023,13-02-2023,Luis_Castañeda,luis.castaneda@uchile.cl,primary,https://doi.org/10.5061/dryad.2v6wwpzsg,https://doi.org/10.1093/evolut/qpac033,,Drosophila_subobscura,Valdivia_Chile,terrestrial,terrestrial,,35,-39.8,-73.2,field,,01-10-2014,01-10-2014,,yes,,27,21,,,,,12D_12L,,,,David's killed-yeast Drosophila medium,no,,,,,,,,,,,,routine,0.5,,"infrared CO2 analyzer Li-6251, LI-COR ",1.4,,ethyl vinyl acetate,0.25,open,aerial,adult,adult,female,virgin female,fresh body mass,milligram,1.592,21,,,,,,,,,fast-ramping,uLCO2/h/ind,3.187602,
Mesas_and_Castaneda_2023,13-02-2023,Luis_Castañeda,luis.castaneda@uchile.cl,primary,https://doi.org/10.5061/dryad.2v6wwpzsg,https://doi.org/10.1093/evolut/qpac033,,Drosophila_subobscura,Valdivia_Chile,terrestrial,terrestrial,,35,-39.8,-73.2,field,,01-10-2014,01-10-2014,,yes,,27,21,,,,,12D_12L,,,,David's killed-yeast Drosophila medium,no,,,,,,,,,,,,routine,0.5,,"infrared CO2 analyzer Li-6251, LI-COR ",1.4,,ethyl vinyl acetate,0.25,open,aerial,adult,adult,female,virgin female,fresh body mass,milligram,1.558,21,,,,,,,,,fast-ramping,uLCO2/h/ind,3.994342,
Mesas_and_Castaneda_2023,13-02-2023,Luis_Castañeda,luis.castaneda@uchile.cl,primary,https://doi.org/10.5061/dryad.2v6wwpzsg,https://doi.org/10.1093/evolut/qpac033,,Drosophila_subobscura,Valdivia_Chile,terrestrial,terrestrial,,35,-39.8,-73.2,field,,01-10-2014,01-10-2014,,yes,,27,21,,,,,12D_12L,,,,David's killed-yeast Drosophila medium,no,,,,,,,,,,,,routine,0.5,,"infrared CO2 analyzer Li-6251, LI-COR ",1.4,,ethyl vinyl acetate,0.25,open,aerial,adult,adult,female,virgin female,fresh body mass,milligram,1.489,21,,,,,,,,,fast-ramping,uLCO2/h/ind,2.892397,
Mesas_and_Castaneda_2023,13-02-2023,Luis_Castañeda,luis.castaneda@uchile.cl,primary,https://doi.org/10.5061/dryad.2v6wwpzsg,https://doi.org/10.1093/evolut/qpac033,,Drosophila_subobscura,Valdivia_Chile,terrestrial,terrestrial,,35,-39.8,-73.2,field,,01-10-2014,01-10-2014,,yes,,27,21,,,,,12D_12L,,,,David's killed-yeast Drosophila medium,no,,,,,,,,,,,,routine,0.5,,"infrared CO2 analyzer Li-6251, LI-COR ",1.4,,ethyl vinyl acetate,0.25,open,aerial,adult,adult,female,virgin female,fresh body mass,milligram,1.698,21,,,,,,,,,fast-ramping,uLCO2/h/ind,4.378108,
Mesas_and_Castaneda_2023,13-02-2023,Luis_Castañeda,luis.castaneda@uchile.cl,primary,https://doi.org/10.5061/dryad.2v6wwpzsg,https://doi.org/10.1093/evolut/qpac033,,Drosophila_subobscura,Valdivia_Chile,terrestrial,terrestrial,,35,-39.8,-73.2,field,,01-10-2014,01-10-2014,,yes,,27,21,,,,,12D_12L,,,,David's killed-yeast Drosophila medium,no,,,,,,,,,,,,routine,0.5,,"infrared CO2 analyzer Li-6251, LI-COR ",1.4,,ethyl vinyl acetate,0.25,open,aerial,adult,adult,female,virgin female,fresh body mass,milligram,1.523,21,,,,,,,,,fast-ramping,uLCO2/h/ind,4.217429,
Mesas_and_Castaneda_2023,13-02-2023,Luis_Castañeda,luis.castaneda@uchile.cl,primary,https://doi.org/10.5061/dryad.2v6wwpzsg,https://doi.org/10.1093/evolut/qpac033,,Drosophila_subobscura,Valdivia_Chile,terrestrial,terrestrial,,35,-39.8,-73.2,field,,01-10-2014,01-10-2014,,yes,,27,21,,,,,12D_12L,,,,David's killed-yeast Drosophila medium,no,,,,,,,,,,,,routine,0.5,,"infrared CO2 analyzer Li-6251, LI-COR ",1.4,,ethyl vinyl acetate,0.25,open,aerial,adult,adult,female,virgin female,fresh body mass,milligram,1.49,21,,,,,,,,,fast-ramping,uLCO2/h/ind,3.807137,
Mesas_and_Castaneda_2023,13-02-2023,Luis_Castañeda,luis.castaneda@uchile.cl,primary,https://doi.org/10.5061/dryad.2v6wwpzsg,https://doi.org/10.1093/evolut/qpac033,,Drosophila_subobscura,Valdivia_Chile,terrestrial,terrestrial,,35,-39.8,-73.2,field,,01-10-2014,01-10-2014,,yes,,27,21,,,,,12D_12L,,,,David's killed-yeast Drosophila medium,no,,,,,,,,,,,,routine,0.5,,"infrared CO2 analyzer Li-6251, LI-COR ",1.4,,ethyl vinyl acetate,0.25,open,aerial,adult,adult,female,virgin female,fresh body mass,milligram,1.53,21,,,,,,,,,fast-ramping,uLCO2/h/ind,4.517078,
Mesas_and_Castaneda_2023,13-02-2023,Luis_Castañeda,luis.castaneda@uchile.cl,primary,https://doi.org/10.5061/dryad.2v6wwpzsg,https://doi.org/10.1093/evolut/qpac033,,Drosophila_subobscura,Valdivia_Chile,terrestrial,terrestrial,,35,-39.8,-73.2,field,,01-10-2014,01-10-2014,,yes,,27,21,,,,,12D_12L,,,,David's killed-yeast Drosophila medium,no,,,,,,,,,,,,routine,0.5,,"infrared CO2 analyzer Li-6251, LI-COR ",1.4,,ethyl vinyl acetate,0.25,open,aerial,adult,adult,female,virgin female,fresh body mass,milligram,1.879,21,,,,,,,,,fast-ramping,uLCO2/h/ind,3.729594,
Mesas_and_Castaneda_2023,13-02-2023,Luis_Castañeda,luis.castaneda@uchile.cl,primary,https://doi.org/10.5061/dryad.2v6wwpzsg,https://doi.org/10.1093/evolut/qpac033,,Drosophila_subobscura,Valdivia_Chile,terrestrial,terrestrial,,35,-39.8,-73.2,field,,01-10-2014,01-10-2014,,yes,,27,21,,,,,12D_12L,,,,David's killed-yeast Drosophila medium,no,,,,,,,,,,,,routine,0.5,,"infrared CO2 analyzer Li-6251, LI-COR ",1.4,,ethyl vinyl acetate,0.25,open,aerial,adult,adult,female,virgin female,fresh body mass,milligram,1.38,21,,,,,,,,,fast-ramping,uLCO2/h/ind,5.254724,
Mesas_and_Castaneda_2023,13-02-2023,Luis_Castañeda,luis.castaneda@uchile.cl,primary,https://doi.org/10.5061/dryad.2v6wwpzsg,https://doi.org/10.1093/evolut/qpac033,,Drosophila_subobscura,Valdivia_Chile,terrestrial,terrestrial,,35,-39.8,-73.2,field,,01-10-2014,01-10-2014,,yes,,27,21,,,,,12D_12L,,,,David's killed-yeast Drosophila medium,no,,,,,,,,,,,,routine,0.5,,"infrared CO2 analyzer Li-6251, LI-COR ",1.4,,ethyl vinyl acetate,0.25,open,aerial,adult,adult,female,virgin female,fresh body mass,milligram,1.42,21,,,,,,,,,fast-ramping,uLCO2/h/ind,2.697574,
Mesas_and_Castaneda_2023,13-02-2023,Luis_Castañeda,luis.castaneda@uchile.cl,primary,https://doi.org/10.5061/dryad.2v6wwpzsg,https://doi.org/10.1093/evolut/qpac033,,Drosophila_subobscura,Valdivia_Chile,terrestrial,terrestrial,,35,-39.8,-73.2,field,,01-10-2014,01-10-2014,,yes,,27,21,,,,,12D_12L,,,,David's killed-yeast Drosophila medium,no,,,,,,,,,,,,routine,0.5,,"infrared CO2 analyzer Li-6251, LI-COR ",1.4,,ethyl vinyl acetate,0.25,open,aerial,adult,adult,female,virgin female,fresh body mass,milligram,1.387,21,,,,,,,,,fast-ramping,uLCO2/h/ind,3.678015,
Mesas_and_Castaneda_2023,13-02-2023,Luis_Castañeda,luis.castaneda@uchile.cl,primary,https://doi.org/10.5061/dryad.2v6wwpzsg,https://doi.org/10.1093/evolut/qpac033,,Drosophila_subobscura,Valdivia_Chile,terrestrial,terrestrial,,35,-39.8,-73.2,field,,01-10-2014,01-10-2014,,yes,,27,21,,,,,12D_12L,,,,David's killed-yeast Drosophila medium,no,,,,,,,,,,,,routine,0.5,,"infrared CO2 analyzer Li-6251, LI-COR ",1.4,,ethyl vinyl acetate,0.25,open,aerial,adult,adult,female,virgin female,fresh body mass,milligram,1.617,21,,,,,,,,,fast-ramping,uLCO2/h/ind,3.831078,
Mesas_and_Castaneda_2023,13-02-2023,Luis_Castañeda,luis.castaneda@uchile.cl,primary,https://doi.org/10.5061/dryad.2v6wwpzsg,https://doi.org/10.1093/evolut/qpac033,,Drosophila_subobscura,Valdivia_Chile,terrestrial,terrestrial,,35,-39.8,-73.2,field,,01-10-2014,01-10-2014,,yes,,27,21,,,,,12D_12L,,,,David's killed-yeast Drosophila medium,no,,,,,,,,,,,,routine,0.5,,"infrared CO2 analyzer Li-6251, LI-COR ",1.4,,ethyl vinyl acetate,0.25,open,aerial,adult,adult,female,virgin female,fresh body mass,milligram,1.399,21,,,,,,,,,fast-ramping,uLCO2/h/ind,2.177389,
Mesas_and_Castaneda_2023,13-02-2023,Luis_Castañeda,luis.castaneda@uchile.cl,primary,https://doi.org/10.5061/dryad.2v6wwpzsg,https://doi.org/10.1093/evolut/qpac033,,Drosophila_subobscura,Valdivia_Chile,terrestrial,terrestrial,,35,-39.8,-73.2,field,,01-10-2014,01-10-2014,,yes,,27,21,,,,,12D_12L,,,,David's killed-yeast Drosophila medium,no,,,,,,,,,,,,routine,0.5,,"infrared CO2 analyzer Li-6251, LI-COR ",1.4,,ethyl vinyl acetate,0.25,open,aerial,adult,adult,female,virgin female,fresh body mass,milligram,1.801,21,,,,,,,,,fast-ramping,uLCO2/h/ind,4.289315,
Mesas_and_Castaneda_2023,13-02-2023,Luis_Castañeda,luis.castaneda@uchile.cl,primary,https://doi.org/10.5061/dryad.2v6wwpzsg,https://doi.org/10.1093/evolut/qpac033,,Drosophila_subobscura,Valdivia_Chile,terrestrial,terrestrial,,35,-39.8,-73.2,field,,01-10-2014,01-10-2014,,yes,,27,21,,,,,12D_12L,,,,David's killed-yeast Drosophila medium,no,,,,,,,,,,,,routine,0.5,,"infrared CO2 analyzer Li-6251, LI-COR ",1.4,,ethyl vinyl acetate,0.25,open,aerial,adult,adult,female,virgin female,fresh body mass,milligram,1.462,21,,,,,,,,,fast-ramping,uLCO2/h/ind,3.404514,
Mesas_and_Castaneda_2023,13-02-2023,Luis_Castañeda,luis.castaneda@uchile.cl,primary,https://doi.org/10.5061/dryad.2v6wwpzsg,https://doi.org/10.1093/evolut/qpac033,,Drosophila_subobscura,Valdivia_Chile,terrestrial,terrestrial,,35,-39.8,-73.2,field,,01-10-2014,01-10-2014,,yes,,27,21,,,,,12D_12L,,,,David's killed-yeast Drosophila medium,no,,,,,,,,,,,,routine,0.5,,"infrared CO2 analyzer Li-6251, LI-COR ",1.4,,ethyl vinyl acetate,0.25,open,aerial,adult,adult,female,virgin female,fresh body mass,milligram,1.338,21,,,,,,,,,fast-ramping,uLCO2/h/ind,2.8864,
Mesas_and_Castaneda_2023,13-02-2023,Luis_Castañeda,luis.castaneda@uchile.cl,primary,https://doi.org/10.5061/dryad.2v6wwpzsg,https://doi.org/10.1093/evolut/qpac033,,Drosophila_subobscura,Valdivia_Chile,terrestrial,terrestrial,,35,-39.8,-73.2,field,,01-10-2014,01-10-2014,,yes,,27,21,,,,,12D_12L,,,,David's killed-yeast Drosophila medium,no,,,,,,,,,,,,routine,0.5,,"infrared CO2 analyzer Li-6251, LI-COR ",1.4,,ethyl vinyl acetate,0.25,open,aerial,adult,adult,female,virgin female,fresh body mass,milligram,1.436,21,,,,,,,,,fast-ramping,uLCO2/h/ind,2.746407,
Mesas_and_Castaneda_2023,13-02-2023,Luis_Castañeda,luis.castaneda@uchile.cl,primary,https://doi.org/10.5061/dryad.2v6wwpzsg,https://doi.org/10.1093/evolut/qpac033,,Drosophila_subobscura,Valdivia_Chile,terrestrial,terrestrial,,35,-39.8,-73.2,field,,01-10-2014,01-10-2014,,yes,,27,21,,,,,12D_12L,,,,David's killed-yeast Drosophila medium,no,,,,,,,,,,,,routine,0.5,,"infrared CO2 analyzer Li-6251, LI-COR ",1.4,,ethyl vinyl acetate,0.25,open,aerial,adult,adult,female,virgin female,fresh body mass,milligram,1.532,21,,,,,,,,,fast-ramping,uLCO2/h/ind,3.159229,
Mesas_and_Castaneda_2023,13-02-2023,Luis_Castañeda,luis.castaneda@uchile.cl,primary,https://doi.org/10.5061/dryad.2v6wwpzsg,https://doi.org/10.1093/evolut/qpac033,,Drosophila_subobscura,Valdivia_Chile,terrestrial,terrestrial,,35,-39.8,-73.2,field,,01-10-2014,01-10-2014,,yes,,27,21,,,,,12D_12L,,,,David's killed-yeast Drosophila medium,no,,,,,,,,,,,,routine,0.5,,"infrared CO2 analyzer Li-6251, LI-COR ",1.4,,ethyl vinyl acetate,0.25,open,aerial,adult,adult,female,virgin female,fresh body mass,milligram,1.81,21,,,,,,,,,fast-ramping,uLCO2/h/ind,3.286916,
Mesas_and_Castaneda_2023,13-02-2023,Luis_Castañeda,luis.castaneda@uchile.cl,primary,https://doi.org/10.5061/dryad.2v6wwpzsg,https://doi.org/10.1093/evolut/qpac033,,Drosophila_subobscura,Valdivia_Chile,terrestrial,terrestrial,,35,-39.8,-73.2,field,,01-10-2014,01-10-2014,,yes,,27,21,,,,,12D_12L,,,,David's killed-yeast Drosophila medium,no,,,,,,,,,,,,routine,0.5,,"infrared CO2 analyzer Li-6251, LI-COR ",1.4,,ethyl vinyl acetate,0.25,open,aerial,adult,adult,female,virgin female,fresh body mass,milligram,1.567,21,,,,,,,,,fast-ramping,uLCO2/h/ind,3.112569,
Mesas_and_Castaneda_2023,13-02-2023,Luis_Castañeda,luis.castaneda@uchile.cl,primary,https://doi.org/10.5061/dryad.2v6wwpzsg,https://doi.org/10.1093/evolut/qpac033,,Drosophila_subobscura,Valdivia_Chile,terrestrial,terrestrial,,35,-39.8,-73.2,field,,01-10-2014,01-10-2014,,yes,,27,21,,,,,12D_12L,,,,David's killed-yeast Drosophila medium,no,,,,,,,,,,,,routine,0.5,,"infrared CO2 analyzer Li-6251, LI-COR ",1.4,,ethyl vinyl acetate,0.25,open,aerial,adult,adult,female,virgin female,fresh body mass,milligram,1.63,21,,,,,,,,,fast-ramping,uLCO2/h/ind,4.249725,
Mesas_and_Castaneda_2023,13-02-2023,Luis_Castañeda,luis.castaneda@uchile.cl,primary,https://doi.org/10.5061/dryad.2v6wwpzsg,https://doi.org/10.1093/evolut/qpac033,,Drosophila_subobscura,Valdivia_Chile,terrestrial,terrestrial,,35,-39.8,-73.2,field,,01-10-2014,01-10-2014,,yes,,27,21,,,,,12D_12L,,,,David's killed-yeast Drosophila medium,no,,,,,,,,,,,,routine,0.5,,"infrared CO2 analyzer Li-6251, LI-COR ",1.4,,ethyl vinyl acetate,0.25,open,aerial,adult,adult,female,virgin female,fresh body mass,milligram,1.29,21,,,,,,,,,fast-ramping,uLCO2/h/ind,2.218997,
Mesas_and_Castaneda_2023,13-02-2023,Luis_Castañeda,luis.castaneda@uchile.cl,primary,https://doi.org/10.5061/dryad.2v6wwpzsg,https://doi.org/10.1093/evolut/qpac033,,Drosophila_subobscura,Valdivia_Chile,terrestrial,terrestrial,,35,-39.8,-73.2,field,,01-10-2014,01-10-2014,,yes,,27,21,,,,,12D_12L,,,,David's killed-yeast Drosophila medium,no,,,,,,,,,,,,routine,0.5,,"infrared CO2 analyzer Li-6251, LI-COR ",1.4,,ethyl vinyl acetate,0.25,open,aerial,adult,adult,female,virgin female,fresh body mass,milligram,1.245,21,,,,,,,,,fast-ramping,uLCO2/h/ind,2.938983,
Mesas_and_Castaneda_2023,13-02-2023,Luis_Castañeda,luis.castaneda@uchile.cl,primary,https://doi.org/10.5061/dryad.2v6wwpzsg,https://doi.org/10.1093/evolut/qpac033,,Drosophila_subobscura,Valdivia_Chile,terrestrial,terrestrial,,35,-39.8,-73.2,field,,01-10-2014,01-10-2014,,yes,,27,21,,,,,12D_12L,,,,David's killed-yeast Drosophila medium,no,,,,,,,,,,,,routine,0.5,,"infrared CO2 analyzer Li-6251, LI-COR ",1.4,,ethyl vinyl acetate,0.25,open,aerial,adult,adult,female,virgin female,fresh body mass,milligram,1.382,21,,,,,,,,,fast-ramping,uLCO2/h/ind,1.60699,
Mesas_and_Castaneda_2023,13-02-2023,Luis_Castañeda,luis.castaneda@uchile.cl,primary,https://doi.org/10.5061/dryad.2v6wwpzsg,https://doi.org/10.1093/evolut/qpac033,,Drosophila_subobscura,Valdivia_Chile,terrestrial,terrestrial,,35,-39.8,-73.2,field,,01-10-2014,01-10-2014,,yes,,27,21,,,,,12D_12L,,,,David's killed-yeast Drosophila medium,no,,,,,,,,,,,,routine,0.5,,"infrared CO2 analyzer Li-6251, LI-COR ",1.4,,ethyl vinyl acetate,0.25,open,aerial,adult,adult,female,virgin female,fresh body mass,milligram,1.615,21,,,,,,,,,fast-ramping,uLCO2/h/ind,2.799791,
Mesas_and_Castaneda_2023,13-02-2023,Luis_Castañeda,luis.castaneda@uchile.cl,primary,https://doi.org/10.5061/dryad.2v6wwpzsg,https://doi.org/10.1093/evolut/qpac033,,Drosophila_subobscura,Valdivia_Chile,terrestrial,terrestrial,,35,-39.8,-73.2,field,,01-10-2014,01-10-2014,,yes,,27,21,,,,,12D_12L,,,,David's killed-yeast Drosophila medium,no,,,,,,,,,,,,routine,0.5,,"infrared CO2 analyzer Li-6251, LI-COR ",1.4,,ethyl vinyl acetate,0.25,open,aerial,adult,adult,female,virgin female,fresh body mass,milligram,1.501,21,,,,,,,,,fast-ramping,uLCO2/h/ind,3.179513,
Mesas_and_Castaneda_2023,13-02-2023,Luis_Castañeda,luis.castaneda@uchile.cl,primary,https://doi.org/10.5061/dryad.2v6wwpzsg,https://doi.org/10.1093/evolut/qpac033,,Drosophila_subobscura,Valdivia_Chile,terrestrial,terrestrial,,35,-39.8,-73.2,field,,01-10-2014,01-10-2014,,yes,,27,21,,,,,12D_12L,,,,David's killed-yeast Drosophila medium,no,,,,,,,,,,,,routine,0.5,,"infrared CO2 analyzer Li-6251, LI-COR ",1.4,,ethyl vinyl acetate,0.25,open,aerial,adult,adult,female,virgin female,fresh body mass,milligram,1.512,21,,,,,,,,,fast-ramping,uLCO2/h/ind,3.382013,
Mesas_and_Castaneda_2023,13-02-2023,Luis_Castañeda,luis.castaneda@uchile.cl,primary,https://doi.org/10.5061/dryad.2v6wwpzsg,https://doi.org/10.1093/evolut/qpac033,,Drosophila_subobscura,Valdivia_Chile,terrestrial,terrestrial,,35,-39.8,-73.2,field,,01-10-2014,01-10-2014,,yes,,27,21,,,,,12D_12L,,,,David's killed-yeast Drosophila medium,no,,,,,,,,,,,,routine,0.5,,"infrared CO2 analyzer Li-6251, LI-COR ",1.4,,ethyl vinyl acetate,0.25,open,aerial,adult,adult,female,virgin female,fresh body mass,milligram,1.61,21,,,,,,,,,fast-ramping,uLCO2/h/ind,2.904457,
Mesas_and_Castaneda_2023,13-02-2023,Luis_Castañeda,luis.castaneda@uchile.cl,primary,https://doi.org/10.5061/dryad.2v6wwpzsg,https://doi.org/10.1093/evolut/qpac033,,Drosophila_subobscura,Valdivia_Chile,terrestrial,terrestrial,,35,-39.8,-73.2,field,,01-10-2014,01-10-2014,,yes,,27,21,,,,,12D_12L,,,,David's killed-yeast Drosophila medium,no,,,,,,,,,,,,routine,0.5,,"infrared CO2 analyzer Li-6251, LI-COR ",1.4,,ethyl vinyl acetate,0.25,open,aerial,adult,adult,female,virgin female,fresh body mass,milligram,1.351,21,,,,,,,,,fast-ramping,uLCO2/h/ind,4.215559,
Mesas_and_Castaneda_2023,13-02-2023,Luis_Castañeda,luis.castaneda@uchile.cl,primary,https://doi.org/10.5061/dryad.2v6wwpzsg,https://doi.org/10.1093/evolut/qpac033,,Drosophila_subobscura,Valdivia_Chile,terrestrial,terrestrial,,35,-39.8,-73.2,field,,01-10-2014,01-10-2014,,yes,,27,21,,,,,12D_12L,,,,David's killed-yeast Drosophila medium,no,,,,,,,,,,,,routine,0.5,,"infrared CO2 analyzer Li-6251, LI-COR ",1.4,,ethyl vinyl acetate,0.25,open,aerial,adult,adult,female,virgin female,fresh body mass,milligram,1.353,21,,,,,,,,,fast-ramping,uLCO2/h/ind,3.537514,
Mesas_and_Castaneda_2023,13-02-2023,Luis_Castañeda,luis.castaneda@uchile.cl,primary,https://doi.org/10.5061/dryad.2v6wwpzsg,https://doi.org/10.1093/evolut/qpac033,,Drosophila_subobscura,Valdivia_Chile,terrestrial,terrestrial,,35,-39.8,-73.2,field,,01-10-2014,01-10-2014,,yes,,27,21,,,,,12D_12L,,,,David's killed-yeast Drosophila medium,no,,,,,,,,,,,,routine,0.5,,"infrared CO2 analyzer Li-6251, LI-COR ",1.4,,ethyl vinyl acetate,0.25,open,aerial,adult,adult,female,virgin female,fresh body mass,milligram,1.501,21,,,,,,,,,fast-ramping,uLCO2/h/ind,2.771541,
Mesas_and_Castaneda_2023,13-02-2023,Luis_Castañeda,luis.castaneda@uchile.cl,primary,https://doi.org/10.5061/dryad.2v6wwpzsg,https://doi.org/10.1093/evolut/qpac033,,Drosophila_subobscura,Valdivia_Chile,terrestrial,terrestrial,,35,-39.8,-73.2,field,,01-10-2014,01-10-2014,,yes,,27,21,,,,,12D_12L,,,,David's killed-yeast Drosophila medium,no,,,,,,,,,,,,routine,0.5,,"infrared CO2 analyzer Li-6251, LI-COR ",1.4,,ethyl vinyl acetate,0.25,open,aerial,adult,adult,female,virgin female,fresh body mass,milligram,1.415,21,,,,,,,,,fast-ramping,uLCO2/h/ind,5.848615,
Mesas_and_Castaneda_2023,13-02-2023,Luis_Castañeda,luis.castaneda@uchile.cl,primary,https://doi.org/10.5061/dryad.2v6wwpzsg,https://doi.org/10.1093/evolut/qpac033,,Drosophila_subobscura,Valdivia_Chile,terrestrial,terrestrial,,35,-39.8,-73.2,field,,01-10-2014,01-10-2014,,yes,,27,21,,,,,12D_12L,,,,David's killed-yeast Drosophila medium,no,,,,,,,,,,,,routine,0.5,,"infrared CO2 analyzer Li-6251, LI-COR ",1.4,,ethyl vinyl acetate,0.25,open,aerial,adult,adult,female,virgin female,fresh body mass,milligram,1.789,21,,,,,,,,,fast-ramping,uLCO2/h/ind,4.48751,
Mesas_and_Castaneda_2023,13-02-2023,Luis_Castañeda,luis.castaneda@uchile.cl,primary,https://doi.org/10.5061/dryad.2v6wwpzsg,https://doi.org/10.1093/evolut/qpac033,,Drosophila_subobscura,Valdivia_Chile,terrestrial,terrestrial,,35,-39.8,-73.2,field,,01-10-2014,01-10-2014,,yes,,27,21,,,,,12D_12L,,,,David's killed-yeast Drosophila medium,no,,,,,,,,,,,,routine,0.5,,"infrared CO2 analyzer Li-6251, LI-COR ",1.4,,ethyl vinyl acetate,0.25,open,aerial,adult,adult,female,virgin female,fresh body mass,milligram,1.54,21,,,,,,,,,fast-ramping,uLCO2/h/ind,3.205293,
Mesas_and_Castaneda_2023,13-02-2023,Luis_Castañeda,luis.castaneda@uchile.cl,primary,https://doi.org/10.5061/dryad.2v6wwpzsg,https://doi.org/10.1093/evolut/qpac033,,Drosophila_subobscura,Valdivia_Chile,terrestrial,terrestrial,,35,-39.8,-73.2,field,,01-10-2014,01-10-2014,,yes,,27,21,,,,,12D_12L,,,,David's killed-yeast Drosophila medium,no,,,,,,,,,,,,routine,0.5,,"infrared CO2 analyzer Li-6251, LI-COR ",1.4,,ethyl vinyl acetate,0.25,open,aerial,adult,adult,female,virgin female,fresh body mass,milligram,1.729,21,,,,,,,,,slow-ramping,uLCO2/h/ind,4.46305,
Mesas_and_Castaneda_2023,13-02-2023,Luis_Castañeda,luis.castaneda@uchile.cl,primary,https://doi.org/10.5061/dryad.2v6wwpzsg,https://doi.org/10.1093/evolut/qpac033,,Drosophila_subobscura,Valdivia_Chile,terrestrial,terrestrial,,35,-39.8,-73.2,field,,01-10-2014,01-10-2014,,yes,,27,21,,,,,12D_12L,,,,David's killed-yeast Drosophila medium,no,,,,,,,,,,,,routine,0.5,,"infrared CO2 analyzer Li-6251, LI-COR ",1.4,,ethyl vinyl acetate,0.25,open,aerial,adult,adult,female,virgin female,fresh body mass,milligram,1.52,21,,,,,,,,,slow-ramping,uLCO2/h/ind,3.454309,
Mesas_and_Castaneda_2023,13-02-2023,Luis_Castañeda,luis.castaneda@uchile.cl,primary,https://doi.org/10.5061/dryad.2v6wwpzsg,https://doi.org/10.1093/evolut/qpac033,,Drosophila_subobscura,Valdivia_Chile,terrestrial,terrestrial,,35,-39.8,-73.2,field,,01-10-2014,01-10-2014,,yes,,27,21,,,,,12D_12L,,,,David's killed-yeast Drosophila medium,no,,,,,,,,,,,,routine,0.5,,"infrared CO2 analyzer Li-6251, LI-COR ",1.4,,ethyl vinyl acetate,0.25,open,aerial,adult,adult,female,virgin female,fresh body mass,milligram,1.392,21,,,,,,,,,slow-ramping,uLCO2/h/ind,4.551528,
Mesas_and_Castaneda_2023,13-02-2023,Luis_Castañeda,luis.castaneda@uchile.cl,primary,https://doi.org/10.5061/dryad.2v6wwpzsg,https://doi.org/10.1093/evolut/qpac033,,Drosophila_subobscura,Valdivia_Chile,terrestrial,terrestrial,,35,-39.8,-73.2,field,,01-10-2014,01-10-2014,,yes,,27,21,,,,,12D_12L,,,,David's killed-yeast Drosophila medium,no,,,,,,,,,,,,routine,0.5,,"infrared CO2 analyzer Li-6251, LI-COR ",1.4,,ethyl vinyl acetate,0.25,open,aerial,adult,adult,female,virgin female,fresh body mass,milligram,1.645,21,,,,,,,,,slow-ramping,uLCO2/h/ind,4.350248,
Mesas_and_Castaneda_2023,13-02-2023,Luis_Castañeda,luis.castaneda@uchile.cl,primary,https://doi.org/10.5061/dryad.2v6wwpzsg,https://doi.org/10.1093/evolut/qpac033,,Drosophila_subobscura,Valdivia_Chile,terrestrial,terrestrial,,35,-39.8,-73.2,field,,01-10-2014,01-10-2014,,yes,,27,21,,,,,12D_12L,,,,David's killed-yeast Drosophila medium,no,,,,,,,,,,,,routine,0.5,,"infrared CO2 analyzer Li-6251, LI-COR ",1.4,,ethyl vinyl acetate,0.25,open,aerial,adult,adult,female,virgin female,fresh body mass,milligram,1.507,21,,,,,,,,,slow-ramping,uLCO2/h/ind,5.222525,
Mesas_and_Castaneda_2023,13-02-2023,Luis_Castañeda,luis.castaneda@uchile.cl,primary,https://doi.org/10.5061/dryad.2v6wwpzsg,https://doi.org/10.1093/evolut/qpac033,,Drosophila_subobscura,Valdivia_Chile,terrestrial,terrestrial,,35,-39.8,-73.2,field,,01-10-2014,01-10-2014,,yes,,27,21,,,,,12D_12L,,,,David's killed-yeast Drosophila medium,no,,,,,,,,,,,,routine,0.5,,"infrared CO2 analyzer Li-6251, LI-COR ",1.4,,ethyl vinyl acetate,0.25,open,aerial,adult,adult,female,virgin female,fresh body mass,milligram,1.584,21,,,,,,,,,slow-ramping,uLCO2/h/ind,3.899529,
Mesas_and_Castaneda_2023,13-02-2023,Luis_Castañeda,luis.castaneda@uchile.cl,primary,https://doi.org/10.5061/dryad.2v6wwpzsg,https://doi.org/10.1093/evolut/qpac033,,Drosophila_subobscura,Valdivia_Chile,terrestrial,terrestrial,,35,-39.8,-73.2,field,,01-10-2014,01-10-2014,,yes,,27,21,,,,,12D_12L,,,,David's killed-yeast Drosophila medium,no,,,,,,,,,,,,routine,0.5,,"infrared CO2 analyzer Li-6251, LI-COR ",1.4,,ethyl vinyl acetate,0.25,open,aerial,adult,adult,female,virgin female,fresh body mass,milligram,1.531,21,,,,,,,,,slow-ramping,uLCO2/h/ind,4.604764,
Mesas_and_Castaneda_2023,13-02-2023,Luis_Castañeda,luis.castaneda@uchile.cl,primary,https://doi.org/10.5061/dryad.2v6wwpzsg,https://doi.org/10.1093/evolut/qpac033,,Drosophila_subobscura,Valdivia_Chile,terrestrial,terrestrial,,35,-39.8,-73.2,field,,01-10-2014,01-10-2014,,yes,,27,21,,,,,12D_12L,,,,David's killed-yeast Drosophila medium,no,,,,,,,,,,,,routine,0.5,,"infrared CO2 analyzer Li-6251, LI-COR ",1.4,,ethyl vinyl acetate,0.25,open,aerial,adult,adult,female,virgin female,fresh body mass,milligram,1.356,21,,,,,,,,,slow-ramping,uLCO2/h/ind,2.208906,
Mesas_and_Castaneda_2023,13-02-2023,Luis_Castañeda,luis.castaneda@uchile.cl,primary,https://doi.org/10.5061/dryad.2v6wwpzsg,https://doi.org/10.1093/evolut/qpac033,,Drosophila_subobscura,Valdivia_Chile,terrestrial,terrestrial,,35,-39.8,-73.2,field,,01-10-2014,01-10-2014,,yes,,27,21,,,,,12D_12L,,,,David's killed-yeast Drosophila medium,no,,,,,,,,,,,,routine,0.5,,"infrared CO2 analyzer Li-6251, LI-COR ",1.4,,ethyl vinyl acetate,0.25,open,aerial,adult,adult,female,virgin female,fresh body mass,milligram,1.501,21,,,,,,,,,slow-ramping,uLCO2/h/ind,3.366997,
Mesas_and_Castaneda_2023,13-02-2023,Luis_Castañeda,luis.castaneda@uchile.cl,primary,https://doi.org/10.5061/dryad.2v6wwpzsg,https://doi.org/10.1093/evolut/qpac033,,Drosophila_subobscura,Valdivia_Chile,terrestrial,terrestrial,,35,-39.8,-73.2,field,,01-10-2014,01-10-2014,,yes,,27,21,,,,,12D_12L,,,,David's killed-yeast Drosophila medium,no,,,,,,,,,,,,routine,0.5,,"infrared CO2 analyzer Li-6251, LI-COR ",1.4,,ethyl vinyl acetate,0.25,open,aerial,adult,adult,female,virgin female,fresh body mass,milligram,1.335,21,,,,,,,,,slow-ramping,uLCO2/h/ind,3.634391,
Mesas_and_Castaneda_2023,13-02-2023,Luis_Castañeda,luis.castaneda@uchile.cl,primary,https://doi.org/10.5061/dryad.2v6wwpzsg,https://doi.org/10.1093/evolut/qpac033,,Drosophila_subobscura,Valdivia_Chile,terrestrial,terrestrial,,35,-39.8,-73.2,field,,01-10-2014,01-10-2014,,yes,,27,21,,,,,12D_12L,,,,David's killed-yeast Drosophila medium,no,,,,,,,,,,,,routine,0.5,,"infrared CO2 analyzer Li-6251, LI-COR ",1.4,,ethyl vinyl acetate,0.25,open,aerial,adult,adult,female,virgin female,fresh body mass,milligram,1.362,21,,,,,,,,,slow-ramping,uLCO2/h/ind,2.977149,
Mesas_and_Castaneda_2023,13-02-2023,Luis_Castañeda,luis.castaneda@uchile.cl,primary,https://doi.org/10.5061/dryad.2v6wwpzsg,https://doi.org/10.1093/evolut/qpac033,,Drosophila_subobscura,Valdivia_Chile,terrestrial,terrestrial,,35,-39.8,-73.2,field,,01-10-2014,01-10-2014,,yes,,27,21,,,,,12D_12L,,,,David's killed-yeast Drosophila medium,no,,,,,,,,,,,,routine,0.5,,"infrared CO2 analyzer Li-6251, LI-COR ",1.4,,ethyl vinyl acetate,0.25,open,aerial,adult,adult,female,virgin female,fresh body mass,milligram,1.415,21,,,,,,,,,slow-ramping,uLCO2/h/ind,3.184242,
Mesas_and_Castaneda_2023,13-02-2023,Luis_Castañeda,luis.castaneda@uchile.cl,primary,https://doi.org/10.5061/dryad.2v6wwpzsg,https://doi.org/10.1093/evolut/qpac033,,Drosophila_subobscura,Valdivia_Chile,terrestrial,terrestrial,,35,-39.8,-73.2,field,,01-10-2014,01-10-2014,,yes,,27,21,,,,,12D_12L,,,,David's killed-yeast Drosophila medium,no,,,,,,,,,,,,routine,0.5,,"infrared CO2 analyzer Li-6251, LI-COR ",1.4,,ethyl vinyl acetate,0.25,open,aerial,adult,adult,female,virgin female,fresh body mass,milligram,1.481,21,,,,,,,,,slow-ramping,uLCO2/h/ind,3.377577,
Mesas_and_Castaneda_2023,13-02-2023,Luis_Castañeda,luis.castaneda@uchile.cl,primary,https://doi.org/10.5061/dryad.2v6wwpzsg,https://doi.org/10.1093/evolut/qpac033,,Drosophila_subobscura,Valdivia_Chile,terrestrial,terrestrial,,35,-39.8,-73.2,field,,01-10-2014,01-10-2014,,yes,,27,21,,,,,12D_12L,,,,David's killed-yeast Drosophila medium,no,,,,,,,,,,,,routine,0.5,,"infrared CO2 analyzer Li-6251, LI-COR ",1.4,,ethyl vinyl acetate,0.25,open,aerial,adult,adult,female,virgin female,fresh body mass,milligram,1.518,21,,,,,,,,,slow-ramping,uLCO2/h/ind,3.270051,
Mesas_and_Castaneda_2023,13-02-2023,Luis_Castañeda,luis.castaneda@uchile.cl,primary,https://doi.org/10.5061/dryad.2v6wwpzsg,https://doi.org/10.1093/evolut/qpac033,,Drosophila_subobscura,Valdivia_Chile,terrestrial,terrestrial,,35,-39.8,-73.2,field,,01-10-2014,01-10-2014,,yes,,27,21,,,,,12D_12L,,,,David's killed-yeast Drosophila medium,no,,,,,,,,,,,,routine,0.5,,"infrared CO2 analyzer Li-6251, LI-COR ",1.4,,ethyl vinyl acetate,0.25,open,aerial,adult,adult,female,virgin female,fresh body mass,milligram,1.542,21,,,,,,,,,slow-ramping,uLCO2/h/ind,3.436971,
Mesas_and_Castaneda_2023,13-02-2023,Luis_Castañeda,luis.castaneda@uchile.cl,primary,https://doi.org/10.5061/dryad.2v6wwpzsg,https://doi.org/10.1093/evolut/qpac033,,Drosophila_subobscura,Valdivia_Chile,terrestrial,terrestrial,,35,-39.8,-73.2,field,,01-10-2014,01-10-2014,,yes,,27,21,,,,,12D_12L,,,,David's killed-yeast Drosophila medium,no,,,,,,,,,,,,routine,0.5,,"infrared CO2 analyzer Li-6251, LI-COR ",1.4,,ethyl vinyl acetate,0.25,open,aerial,adult,adult,female,virgin female,fresh body mass,milligram,1.435,21,,,,,,,,,slow-ramping,uLCO2/h/ind,3.495598,
Mesas_and_Castaneda_2023,13-02-2023,Luis_Castañeda,luis.castaneda@uchile.cl,primary,https://doi.org/10.5061/dryad.2v6wwpzsg,https://doi.org/10.1093/evolut/qpac033,,Drosophila_subobscura,Valdivia_Chile,terrestrial,terrestrial,,35,-39.8,-73.2,field,,01-10-2014,01-10-2014,,yes,,27,21,,,,,12D_12L,,,,David's killed-yeast Drosophila medium,no,,,,,,,,,,,,routine,0.5,,"infrared CO2 analyzer Li-6251, LI-COR ",1.4,,ethyl vinyl acetate,0.25,open,aerial,adult,adult,female,virgin female,fresh body mass,milligram,1.348,21,,,,,,,,,slow-ramping,uLCO2/h/ind,3.434686,
Mesas_and_Castaneda_2023,13-02-2023,Luis_Castañeda,luis.castaneda@uchile.cl,primary,https://doi.org/10.5061/dryad.2v6wwpzsg,https://doi.org/10.1093/evolut/qpac033,,Drosophila_subobscura,Valdivia_Chile,terrestrial,terrestrial,,35,-39.8,-73.2,field,,01-10-2014,01-10-2014,,yes,,27,21,,,,,12D_12L,,,,David's killed-yeast Drosophila medium,no,,,,,,,,,,,,routine,0.5,,"infrared CO2 analyzer Li-6251, LI-COR ",1.4,,ethyl vinyl acetate,0.25,open,aerial,adult,adult,female,virgin female,fresh body mass,milligram,1.406,21,,,,,,,,,slow-ramping,uLCO2/h/ind,3.731495,
Mesas_and_Castaneda_2023,13-02-2023,Luis_Castañeda,luis.castaneda@uchile.cl,primary,https://doi.org/10.5061/dryad.2v6wwpzsg,https://doi.org/10.1093/evolut/qpac033,,Drosophila_subobscura,Valdivia_Chile,terrestrial,terrestrial,,35,-39.8,-73.2,field,,01-10-2014,01-10-2014,,yes,,27,21,,,,,12D_12L,,,,David's killed-yeast Drosophila medium,no,,,,,,,,,,,,routine,0.5,,"infrared CO2 analyzer Li-6251, LI-COR ",1.4,,ethyl vinyl acetate,0.25,open,aerial,adult,adult,female,virgin female,fresh body mass,milligram,1.691,21,,,,,,,,,slow-ramping,uLCO2/h/ind,4.137188,
Mesas_and_Castaneda_2023,13-02-2023,Luis_Castañeda,luis.castaneda@uchile.cl,primary,https://doi.org/10.5061/dryad.2v6wwpzsg,https://doi.org/10.1093/evolut/qpac033,,Drosophila_subobscura,Valdivia_Chile,terrestrial,terrestrial,,35,-39.8,-73.2,field,,01-10-2014,01-10-2014,,yes,,27,21,,,,,12D_12L,,,,David's killed-yeast Drosophila medium,no,,,,,,,,,,,,routine,0.5,,"infrared CO2 analyzer Li-6251, LI-COR ",1.4,,ethyl vinyl acetate,0.25,open,aerial,adult,adult,female,virgin female,fresh body mass,milligram,1.58,21,,,,,,,,,slow-ramping,uLCO2/h/ind,4.565835,
Mesas_and_Castaneda_2023,13-02-2023,Luis_Castañeda,luis.castaneda@uchile.cl,primary,https://doi.org/10.5061/dryad.2v6wwpzsg,https://doi.org/10.1093/evolut/qpac033,,Drosophila_subobscura,Valdivia_Chile,terrestrial,terrestrial,,35,-39.8,-73.2,field,,01-10-2014,01-10-2014,,yes,,27,21,,,,,12D_12L,,,,David's killed-yeast Drosophila medium,no,,,,,,,,,,,,routine,0.5,,"infrared CO2 analyzer Li-6251, LI-COR ",1.4,,ethyl vinyl acetate,0.25,open,aerial,adult,adult,female,virgin female,fresh body mass,milligram,1.462,21,,,,,,,,,slow-ramping,uLCO2/h/ind,3.169704,
Mesas_and_Castaneda_2023,13-02-2023,Luis_Castañeda,luis.castaneda@uchile.cl,primary,https://doi.org/10.5061/dryad.2v6wwpzsg,https://doi.org/10.1093/evolut/qpac033,,Drosophila_subobscura,Valdivia_Chile,terrestrial,terrestrial,,35,-39.8,-73.2,field,,01-10-2014,01-10-2014,,yes,,27,21,,,,,12D_12L,,,,David's killed-yeast Drosophila medium,no,,,,,,,,,,,,routine,0.5,,"infrared CO2 analyzer Li-6251, LI-COR ",1.4,,ethyl vinyl acetate,0.25,open,aerial,adult,adult,female,virgin female,fresh body mass,milligram,1.586,21,,,,,,,,,slow-ramping,uLCO2/h/ind,3.225698,
Mesas_and_Castaneda_2023,13-02-2023,Luis_Castañeda,luis.castaneda@uchile.cl,primary,https://doi.org/10.5061/dryad.2v6wwpzsg,https://doi.org/10.1093/evolut/qpac033,,Drosophila_subobscura,Valdivia_Chile,terrestrial,terrestrial,,35,-39.8,-73.2,field,,01-10-2014,01-10-2014,,yes,,27,21,,,,,12D_12L,,,,David's killed-yeast Drosophila medium,no,,,,,,,,,,,,routine,0.5,,"infrared CO2 analyzer Li-6251, LI-COR ",1.4,,ethyl vinyl acetate,0.25,open,aerial,adult,adult,female,virgin female,fresh body mass,milligram,1.562,21,,,,,,,,,slow-ramping,uLCO2/h/ind,2.716187,
Mesas_and_Castaneda_2023,13-02-2023,Luis_Castañeda,luis.castaneda@uchile.cl,primary,https://doi.org/10.5061/dryad.2v6wwpzsg,https://doi.org/10.1093/evolut/qpac033,,Drosophila_subobscura,Valdivia_Chile,terrestrial,terrestrial,,35,-39.8,-73.2,field,,01-10-2014,01-10-2014,,yes,,27,21,,,,,12D_12L,,,,David's killed-yeast Drosophila medium,no,,,,,,,,,,,,routine,0.5,,"infrared CO2 analyzer Li-6251, LI-COR ",1.4,,ethyl vinyl acetate,0.25,open,aerial,adult,adult,female,virgin female,fresh body mass,milligram,1.471,21,,,,,,,,,slow-ramping,uLCO2/h/ind,3.994854,
Mesas_and_Castaneda_2023,13-02-2023,Luis_Castañeda,luis.castaneda@uchile.cl,primary,https://doi.org/10.5061/dryad.2v6wwpzsg,https://doi.org/10.1093/evolut/qpac033,,Drosophila_subobscura,Valdivia_Chile,terrestrial,terrestrial,,35,-39.8,-73.2,field,,01-10-2014,01-10-2014,,yes,,27,21,,,,,12D_12L,,,,David's killed-yeast Drosophila medium,no,,,,,,,,,,,,routine,0.5,,"infrared CO2 analyzer Li-6251, LI-COR ",1.4,,ethyl vinyl acetate,0.25,open,aerial,adult,adult,female,virgin female,fresh body mass,milligram,1.28,21,,,,,,,,,slow-ramping,uLCO2/h/ind,3.365463,
Mesas_and_Castaneda_2023,13-02-2023,Luis_Castañeda,luis.castaneda@uchile.cl,primary,https://doi.org/10.5061/dryad.2v6wwpzsg,https://doi.org/10.1093/evolut/qpac033,,Drosophila_subobscura,Valdivia_Chile,terrestrial,terrestrial,,35,-39.8,-73.2,field,,01-10-2014,01-10-2014,,yes,,27,21,,,,,12D_12L,,,,David's killed-yeast Drosophila medium,no,,,,,,,,,,,,routine,0.5,,"infrared CO2 analyzer Li-6251, LI-COR ",1.4,,ethyl vinyl acetate,0.25,open,aerial,adult,adult,female,virgin female,fresh body mass,milligram,1.336,21,,,,,,,,,slow-ramping,uLCO2/h/ind,4.329833,
Mesas_and_Castaneda_2023,13-02-2023,Luis_Castañeda,luis.castaneda@uchile.cl,primary,https://doi.org/10.5061/dryad.2v6wwpzsg,https://doi.org/10.1093/evolut/qpac033,,Drosophila_subobscura,Valdivia_Chile,terrestrial,terrestrial,,35,-39.8,-73.2,field,,01-10-2014,01-10-2014,,yes,,27,21,,,,,12D_12L,,,,David's killed-yeast Drosophila medium,no,,,,,,,,,,,,routine,0.5,,"infrared CO2 analyzer Li-6251, LI-COR ",1.4,,ethyl vinyl acetate,0.25,open,aerial,adult,adult,female,virgin female,fresh body mass,milligram,1.501,21,,,,,,,,,slow-ramping,uLCO2/h/ind,3.312679,
Mesas_and_Castaneda_2023,13-02-2023,Luis_Castañeda,luis.castaneda@uchile.cl,primary,https://doi.org/10.5061/dryad.2v6wwpzsg,https://doi.org/10.1093/evolut/qpac033,,Drosophila_subobscura,Valdivia_Chile,terrestrial,terrestrial,,35,-39.8,-73.2,field,,01-10-2014,01-10-2014,,yes,,27,21,,,,,12D_12L,,,,David's killed-yeast Drosophila medium,no,,,,,,,,,,,,routine,0.5,,"infrared CO2 analyzer Li-6251, LI-COR ",1.4,,ethyl vinyl acetate,0.25,open,aerial,adult,adult,female,virgin female,fresh body mass,milligram,1.536,21,,,,,,,,,slow-ramping,uLCO2/h/ind,3.787515,
Mesas_and_Castaneda_2023,13-02-2023,Luis_Castañeda,luis.castaneda@uchile.cl,primary,https://doi.org/10.5061/dryad.2v6wwpzsg,https://doi.org/10.1093/evolut/qpac033,,Drosophila_subobscura,Valdivia_Chile,terrestrial,terrestrial,,35,-39.8,-73.2,field,,01-10-2014,01-10-2014,,yes,,27,21,,,,,12D_12L,,,,David's killed-yeast Drosophila medium,no,,,,,,,,,,,,routine,0.5,,"infrared CO2 analyzer Li-6251, LI-COR ",1.4,,ethyl vinyl acetate,0.25,open,aerial,adult,adult,female,virgin female,fresh body mass,milligram,1.613,21,,,,,,,,,slow-ramping,uLCO2/h/ind,3.653773,
Mesas_and_Castaneda_2023,13-02-2023,Luis_Castañeda,luis.castaneda@uchile.cl,primary,https://doi.org/10.5061/dryad.2v6wwpzsg,https://doi.org/10.1093/evolut/qpac033,,Drosophila_subobscura,Valdivia_Chile,terrestrial,terrestrial,,35,-39.8,-73.2,field,,01-10-2014,01-10-2014,,yes,,27,21,,,,,12D_12L,,,,David's killed-yeast Drosophila medium,no,,,,,,,,,,,,routine,0.5,,"infrared CO2 analyzer Li-6251, LI-COR ",1.4,,ethyl vinyl acetate,0.25,open,aerial,adult,adult,female,virgin female,fresh body mass,milligram,1.354,21,,,,,,,,,slow-ramping,uLCO2/h/ind,5.464938,
Mesas_and_Castaneda_2023,13-02-2023,Luis_Castañeda,luis.castaneda@uchile.cl,primary,https://doi.org/10.5061/dryad.2v6wwpzsg,https://doi.org/10.1093/evolut/qpac033,,Drosophila_subobscura,Valdivia_Chile,terrestrial,terrestrial,,35,-39.8,-73.2,field,,01-10-2014,01-10-2014,,yes,,27,21,,,,,12D_12L,,,,David's killed-yeast Drosophila medium,no,,,,,,,,,,,,routine,0.5,,"infrared CO2 analyzer Li-6251, LI-COR ",1.4,,ethyl vinyl acetate,0.25,open,aerial,adult,adult,female,virgin female,fresh body mass,milligram,1.79,21,,,,,,,,,slow-ramping,uLCO2/h/ind,3.186476,
Mesas_and_Castaneda_2023,13-02-2023,Luis_Castañeda,luis.castaneda@uchile.cl,primary,https://doi.org/10.5061/dryad.2v6wwpzsg,https://doi.org/10.1093/evolut/qpac033,,Drosophila_subobscura,Valdivia_Chile,terrestrial,terrestrial,,35,-39.8,-73.2,field,,01-10-2014,01-10-2014,,yes,,27,21,,,,,12D_12L,,,,David's killed-yeast Drosophila medium,no,,,,,,,,,,,,routine,0.5,,"infrared CO2 analyzer Li-6251, LI-COR ",1.4,,ethyl vinyl acetate,0.25,open,aerial,adult,adult,female,virgin female,fresh body mass,milligram,1.406,21,,,,,,,,,slow-ramping,uLCO2/h/ind,3.108435,
Mesas_and_Castaneda_2023,13-02-2023,Luis_Castañeda,luis.castaneda@uchile.cl,primary,https://doi.org/10.5061/dryad.2v6wwpzsg,https://doi.org/10.1093/evolut/qpac033,,Drosophila_subobscura,Valdivia_Chile,terrestrial,terrestrial,,35,-39.8,-73.2,field,,01-10-2014,01-10-2014,,yes,,27,21,,,,,12D_12L,,,,David's killed-yeast Drosophila medium,no,,,,,,,,,,,,routine,0.5,,"infrared CO2 analyzer Li-6251, LI-COR ",1.4,,ethyl vinyl acetate,0.25,open,aerial,adult,adult,female,virgin female,fresh body mass,milligram,1.488,21,,,,,,,,,slow-ramping,uLCO2/h/ind,2.912649,
Mesas_and_Castaneda_2023,13-02-2023,Luis_Castañeda,luis.castaneda@uchile.cl,primary,https://doi.org/10.5061/dryad.2v6wwpzsg,https://doi.org/10.1093/evolut/qpac033,,Drosophila_subobscura,Valdivia_Chile,terrestrial,terrestrial,,35,-39.8,-73.2,field,,01-10-2014,01-10-2014,,yes,,27,21,,,,,12D_12L,,,,David's killed-yeast Drosophila medium,no,,,,,,,,,,,,routine,0.5,,"infrared CO2 analyzer Li-6251, LI-COR ",1.4,,ethyl vinyl acetate,0.25,open,aerial,adult,adult,female,virgin female,fresh body mass,milligram,1.749,21,,,,,,,,,slow-ramping,uLCO2/h/ind,3.925604,
Mesas_and_Castaneda_2023,13-02-2023,Luis_Castañeda,luis.castaneda@uchile.cl,primary,https://doi.org/10.5061/dryad.2v6wwpzsg,https://doi.org/10.1093/evolut/qpac033,,Drosophila_subobscura,Valdivia_Chile,terrestrial,terrestrial,,35,-39.8,-73.2,field,,01-10-2014,01-10-2014,,yes,,27,21,,,,,12D_12L,,,,David's killed-yeast Drosophila medium,no,,,,,,,,,,,,routine,0.5,,"infrared CO2 analyzer Li-6251, LI-COR ",1.4,,ethyl vinyl acetate,0.25,open,aerial,adult,adult,female,virgin female,fresh body mass,milligram,1.734,21,,,,,,,,,slow-ramping,uLCO2/h/ind,4.629265,
Mesas_and_Castaneda_2023,13-02-2023,Luis_Castañeda,luis.castaneda@uchile.cl,primary,https://doi.org/10.5061/dryad.2v6wwpzsg,https://doi.org/10.1093/evolut/qpac033,,Drosophila_subobscura,Valdivia_Chile,terrestrial,terrestrial,,35,-39.8,-73.2,field,,01-10-2014,01-10-2014,,yes,,27,21,,,,,12D_12L,,,,David's killed-yeast Drosophila medium,no,,,,,,,,,,,,routine,0.5,,"infrared CO2 analyzer Li-6251, LI-COR ",1.4,,ethyl vinyl acetate,0.25,open,aerial,adult,adult,female,virgin female,fresh body mass,milligram,1.37,21,,,,,,,,,slow-ramping,uLCO2/h/ind,1.441966,
Mesas_and_Castaneda_2023,13-02-2023,Luis_Castañeda,luis.castaneda@uchile.cl,primary,https://doi.org/10.5061/dryad.2v6wwpzsg,https://doi.org/10.1093/evolut/qpac033,,Drosophila_subobscura,Valdivia_Chile,terrestrial,terrestrial,,35,-39.8,-73.2,field,,01-10-2014,01-10-2014,,yes,,27,21,,,,,12D_12L,,,,David's killed-yeast Drosophila medium,no,,,,,,,,,,,,routine,0.5,,"infrared CO2 analyzer Li-6251, LI-COR ",1.4,,ethyl vinyl acetate,0.25,open,aerial,adult,adult,female,virgin female,fresh body mass,milligram,1.625,21,,,,,,,,,slow-ramping,uLCO2/h/ind,4.327026,
Mesas_and_Castaneda_2023,13-02-2023,Luis_Castañeda,luis.castaneda@uchile.cl,primary,https://doi.org/10.5061/dryad.2v6wwpzsg,https://doi.org/10.1093/evolut/qpac033,,Drosophila_subobscura,Valdivia_Chile,terrestrial,terrestrial,,35,-39.8,-73.2,field,,01-10-2014,01-10-2014,,yes,,27,21,,,,,12D_12L,,,,David's killed-yeast Drosophila medium,no,,,,,,,,,,,,routine,0.5,,"infrared CO2 analyzer Li-6251, LI-COR ",1.4,,ethyl vinyl acetate,0.25,open,aerial,adult,adult,female,virgin female,fresh body mass,milligram,1.872,21,,,,,,,,,slow-ramping,uLCO2/h/ind,3.897562,
Mesas_and_Castaneda_2023,13-02-2023,Luis_Castañeda,luis.castaneda@uchile.cl,primary,https://doi.org/10.5061/dryad.2v6wwpzsg,https://doi.org/10.1093/evolut/qpac033,,Drosophila_subobscura,Valdivia_Chile,terrestrial,terrestrial,,35,-39.8,-73.2,field,,01-10-2014,01-10-2014,,yes,,27,21,,,,,12D_12L,,,,David's killed-yeast Drosophila medium,no,,,,,,,,,,,,routine,0.5,,"infrared CO2 analyzer Li-6251, LI-COR ",1.4,,ethyl vinyl acetate,0.25,open,aerial,adult,adult,female,virgin female,fresh body mass,milligram,1.356,21,,,,,,,,,slow-ramping,uLCO2/h/ind,3.794533,
Mesas_and_Castaneda_2023,13-02-2023,Luis_Castañeda,luis.castaneda@uchile.cl,primary,https://doi.org/10.5061/dryad.2v6wwpzsg,https://doi.org/10.1093/evolut/qpac033,,Drosophila_subobscura,Valdivia_Chile,terrestrial,terrestrial,,35,-39.8,-73.2,field,,01-10-2014,01-10-2014,,yes,,27,21,,,,,12D_12L,,,,David's killed-yeast Drosophila medium,no,,,,,,,,,,,,routine,0.5,,"infrared CO2 analyzer Li-6251, LI-COR ",1.4,,ethyl vinyl acetate,0.25,open,aerial,adult,adult,female,virgin female,fresh body mass,milligram,1.586,21,,,,,,,,,slow-ramping,uLCO2/h/ind,4.005444,
Mesas_and_Castaneda_2023,13-02-2023,Luis_Castañeda,luis.castaneda@uchile.cl,primary,https://doi.org/10.5061/dryad.2v6wwpzsg,https://doi.org/10.1093/evolut/qpac033,,Drosophila_subobscura,Valdivia_Chile,terrestrial,terrestrial,,35,-39.8,-73.2,field,,01-10-2014,01-10-2014,,yes,,27,21,,,,,12D_12L,,,,David's killed-yeast Drosophila medium,no,,,,,,,,,,,,routine,0.5,,"infrared CO2 analyzer Li-6251, LI-COR ",1.4,,ethyl vinyl acetate,0.25,open,aerial,adult,adult,female,virgin female,fresh body mass,milligram,1.366,21,,,,,,,,,slow-ramping,uLCO2/h/ind,3.092898,
Mesas_and_Castaneda_2023,13-02-2023,Luis_Castañeda,luis.castaneda@uchile.cl,primary,https://doi.org/10.5061/dryad.2v6wwpzsg,https://doi.org/10.1093/evolut/qpac033,,Drosophila_subobscura,Valdivia_Chile,terrestrial,terrestrial,,35,-39.8,-73.2,field,,01-10-2014,01-10-2014,,yes,,27,21,,,,,12D_12L,,,,David's killed-yeast Drosophila medium,no,,,,,,,,,,,,routine,0.5,,"infrared CO2 analyzer Li-6251, LI-COR ",1.4,,ethyl vinyl acetate,0.25,open,aerial,adult,adult,female,virgin female,fresh body mass,milligram,1.376,21,,,,,,,,,slow-ramping,uLCO2/h/ind,3.191326,
Mesas_and_Castaneda_2023,13-02-2023,Luis_Castañeda,luis.castaneda@uchile.cl,primary,https://doi.org/10.5061/dryad.2v6wwpzsg,https://doi.org/10.1093/evolut/qpac033,,Drosophila_subobscura,Valdivia_Chile,terrestrial,terrestrial,,35,-39.8,-73.2,field,,01-10-2014,01-10-2014,,yes,,27,21,,,,,12D_12L,,,,David's killed-yeast Drosophila medium,no,,,,,,,,,,,,routine,0.5,,"infrared CO2 analyzer Li-6251, LI-COR ",1.4,,ethyl vinyl acetate,0.25,open,aerial,adult,adult,female,virgin female,fresh body mass,milligram,1.668,21,,,,,,,,,slow-ramping,uLCO2/h/ind,3.863268,
Mesas_and_Castaneda_2023,13-02-2023,Luis_Castañeda,luis.castaneda@uchile.cl,primary,https://doi.org/10.5061/dryad.2v6wwpzsg,https://doi.org/10.1093/evolut/qpac033,,Drosophila_subobscura,Valdivia_Chile,terrestrial,terrestrial,,35,-39.8,-73.2,field,,01-10-2014,01-10-2014,,yes,,27,21,,,,,12D_12L,,,,David's killed-yeast Drosophila medium,no,,,,,,,,,,,,routine,0.5,,"infrared CO2 analyzer Li-6251, LI-COR ",1.4,,ethyl vinyl acetate,0.25,open,aerial,adult,adult,female,virgin female,fresh body mass,milligram,1.561,21,,,,,,,,,slow-ramping,uLCO2/h/ind,3.717062,
Mesas_and_Castaneda_2023,13-02-2023,Luis_Castañeda,luis.castaneda@uchile.cl,primary,https://doi.org/10.5061/dryad.2v6wwpzsg,https://doi.org/10.1093/evolut/qpac033,,Drosophila_subobscura,Valdivia_Chile,terrestrial,terrestrial,,35,-39.8,-73.2,field,,01-10-2014,01-10-2014,,yes,,27,21,,,,,12D_12L,,,,David's killed-yeast Drosophila medium,no,,,,,,,,,,,,routine,0.5,,"infrared CO2 analyzer Li-6251, LI-COR ",1.4,,ethyl vinyl acetate,0.25,open,aerial,adult,adult,female,virgin female,fresh body mass,milligram,1.642,21,,,,,,,,,slow-ramping,uLCO2/h/ind,2.858388,
