dataset_id,date_of_contribution,name_contact,email_contact,type_of_reference,doi_dataset,doi_publication,comments_reference,species_reported,location_description,realm_general,realm_specific,depth_of_collection,lat_gg_mm_ss,long_gg_mm_ss,origin,comments_location,date_of_collection_initial,date_of_collection_final,comments_timing,maintained,maintenance_duration_days,maintenance_duration_generations,maintenance_temperature,maintenance_salinity,maintenance_ph,maintenance_oxygen,maintenance_carbon_dioxide,maintenance_photoperiod,maintenance_humidity,maintenance_oxygen_units,maintenance_carbon_dioxide_units,maintenance_food_type,acclimated,acclimation_duration,acclimation_temperature,acclimation_salinity,acclimation_ph,acclimation_oxygen,acclimation_carbon_dioxide,acclimation_photoperiod,acclimation_humidity,acclimation_oxygen_units,acclimation_carbon_dioxide_units,acclimation_food_type,metabolic_rate_type,acclimation_chamber,fasting_time,sensor_type,respiration_volume,delay_time,respiratory_chamber_material,incubation_time,respirometry_type,breathing_mode,life_stage_general,life_stage_specific,sex,reproductive_stage,size_type,size_units,size_value,test_temperature,test_salinity,test_ph,test_oxygen,test_carbon_dioxide,test_oxygen_units,test_carbon_dioxide_units,test_photoperiod,test_humidity,comments_experimental_conditions,resp_unit,resp_value,comments_respiration
Verberk_and_Bilton_2015,26-03-2023,Wilco_Verberk,w.verberk@science.ru.nl,primary,https://doi.org/10.5281/zenodo.7772187,https://doi.org/10.1242/jeb.119560,,Ilyocorus_cimicoides,South Drain_Somerset Levels_UK,freshwater,ditch,0.5,51.1806,-2.8803,field,,,,,no,,,,,,,,,,,,,yes,7,10,0,7,21,400,12L_12D,100,kPa,uatm,red chironomids,standard,1.25,1,Microx TX3 fiberoptic oxygenmeter,50,,polypropylene,,closed,bimodal,adult,,female,mature adults,fresh mass,milligram,161.4,15,,,,,,,,,"partial respiration measure, referring to the aquatic part of oxygen uptake only",umolO2/h/ind,0.747909942,animalID_Il39
Verberk_and_Bilton_2015,26-03-2023,Wilco_Verberk,w.verberk@science.ru.nl,primary,https://doi.org/10.5281/zenodo.7772187,https://doi.org/10.1242/jeb.119560,,Ilyocorus_cimicoides,South Drain_Somerset Levels_UK,freshwater,ditch,0.5,51.1806,-2.8803,field,,,,,no,,,,,,,,,,,,,yes,7,10,0,7,21,400,12L_12D,100,kPa,uatm,red chironomids,standard,1.25,1,Microx TX3 fiberoptic oxygenmeter,50,,polypropylene,,closed,bimodal,adult,,female,mature adults,fresh mass,milligram,138.1,15,,,,,,,,,"partial respiration measure, referring to the aquatic part of oxygen uptake only",umolO2/h/ind,0.369089816,animalID_Il40
Verberk_and_Bilton_2015,26-03-2023,Wilco_Verberk,w.verberk@science.ru.nl,primary,https://doi.org/10.5281/zenodo.7772187,https://doi.org/10.1242/jeb.119560,,Ilyocorus_cimicoides,South Drain_Somerset Levels_UK,freshwater,ditch,0.5,51.1806,-2.8803,field,,,,,no,,,,,,,,,,,,,yes,7,10,0,7,21,400,12L_12D,100,kPa,uatm,red chironomids,standard,1.25,1,Microx TX3 fiberoptic oxygenmeter,50,,polypropylene,,closed,bimodal,adult,,female,mature adults,fresh mass,milligram,132.9,15,,,,,,,,,"partial respiration measure, referring to the aquatic part of oxygen uptake only",umolO2/h/ind,0.175244124,animalID_Il41
Verberk_and_Bilton_2015,26-03-2023,Wilco_Verberk,w.verberk@science.ru.nl,primary,https://doi.org/10.5281/zenodo.7772187,https://doi.org/10.1242/jeb.119560,,Ilyocorus_cimicoides,South Drain_Somerset Levels_UK,freshwater,ditch,0.5,51.1806,-2.8803,field,,,,,no,,,,,,,,,,,,,yes,7,10,0,7,21,400,12L_12D,100,kPa,uatm,red chironomids,standard,1.25,1,Microx TX3 fiberoptic oxygenmeter,50,,polypropylene,,closed,bimodal,adult,,male,mature adults,fresh mass,milligram,102.9,15,,,,,,,,,"partial respiration measure, referring to the aquatic part of oxygen uptake only",umolO2/h/ind,0.247124453,animalID_Il42
Verberk_and_Bilton_2015,26-03-2023,Wilco_Verberk,w.verberk@science.ru.nl,primary,https://doi.org/10.5281/zenodo.7772187,https://doi.org/10.1242/jeb.119560,,Ilyocorus_cimicoides,South Drain_Somerset Levels_UK,freshwater,ditch,0.5,51.1806,-2.8803,field,,,,,no,,,,,,,,,,,,,yes,7,10,0,7,21,400,12L_12D,100,kPa,uatm,red chironomids,standard,1.25,1,Microx TX3 fiberoptic oxygenmeter,50,,polypropylene,,closed,bimodal,adult,,male,mature adults,fresh mass,milligram,106,5,,,,,,,,,"partial respiration measure, referring to the aquatic part of oxygen uptake only",umolO2/h/ind,0.263885851,animalID_Il42
Verberk_and_Bilton_2015,26-03-2023,Wilco_Verberk,w.verberk@science.ru.nl,primary,https://doi.org/10.5281/zenodo.7772187,https://doi.org/10.1242/jeb.119560,,Ilyocorus_cimicoides,South Drain_Somerset Levels_UK,freshwater,ditch,0.5,51.1806,-2.8803,field,,,,,no,,,,,,,,,,,,,yes,7,10,0,7,21,400,12L_12D,100,kPa,uatm,red chironomids,standard,1.25,1,Microx TX3 fiberoptic oxygenmeter,50,,polypropylene,,closed,bimodal,adult,,female,mature adults,fresh mass,milligram,132.9,5,,,,,,,,,"partial respiration measure, referring to the aquatic part of oxygen uptake only",umolO2/h/ind,0.262041164,animalID_Il41
Verberk_and_Bilton_2015,26-03-2023,Wilco_Verberk,w.verberk@science.ru.nl,primary,https://doi.org/10.5281/zenodo.7772187,https://doi.org/10.1242/jeb.119560,,Ilyocorus_cimicoides,South Drain_Somerset Levels_UK,freshwater,ditch,0.5,51.1806,-2.8803,field,,,,,no,,,,,,,,,,,,,yes,7,10,0,7,21,400,12L_12D,100,kPa,uatm,red chironomids,standard,1.25,1,Microx TX3 fiberoptic oxygenmeter,50,,polypropylene,,closed,bimodal,adult,,female,mature adults,fresh mass,milligram,161.4,5,,,,,,,,,"partial respiration measure, referring to the aquatic part of oxygen uptake only",umolO2/h/ind,0.100878154,animalID_Il39
Verberk_and_Bilton_2015,26-03-2023,Wilco_Verberk,w.verberk@science.ru.nl,primary,https://doi.org/10.5281/zenodo.7772187,https://doi.org/10.1242/jeb.119560,,Ilyocorus_cimicoides,South Drain_Somerset Levels_UK,freshwater,ditch,0.5,51.1806,-2.8803,field,,,,,no,,,,,,,,,,,,,yes,7,10,0,7,21,400,12L_12D,100,kPa,uatm,red chironomids,standard,1.25,1,Microx TX3 fiberoptic oxygenmeter,50,,polypropylene,,closed,bimodal,adult,,female,mature adults,fresh mass,milligram,138.1,5,,,,,,,,,"partial respiration measure, referring to the aquatic part of oxygen uptake only",umolO2/h/ind,0.274780511,animalID_Il40
Verberk_and_Bilton_2015,26-03-2023,Wilco_Verberk,w.verberk@science.ru.nl,primary,https://doi.org/10.5281/zenodo.7772187,https://doi.org/10.1242/jeb.119560,,Ilyocorus_cimicoides,South Drain_Somerset Levels_UK,freshwater,ditch,0.5,51.1806,-2.8803,field,,,,,no,,,,,,,,,,,,,yes,7,10,0,7,21,400,12L_12D,100,kPa,uatm,red chironomids,standard,1.25,1,Microx TX3 fiberoptic oxygenmeter,50,,polypropylene,,closed,bimodal,adult,,female,mature adults,fresh mass,milligram,161.4,10,,,,,,,,,"partial respiration measure, referring to the aquatic part of oxygen uptake only",umolO2/h/ind,0.166785187,animalID_Il39
Verberk_and_Bilton_2015,26-03-2023,Wilco_Verberk,w.verberk@science.ru.nl,primary,https://doi.org/10.5281/zenodo.7772187,https://doi.org/10.1242/jeb.119560,,Ilyocorus_cimicoides,South Drain_Somerset Levels_UK,freshwater,ditch,0.5,51.1806,-2.8803,field,,,,,no,,,,,,,,,,,,,yes,7,10,0,7,21,400,12L_12D,100,kPa,uatm,red chironomids,standard,1.25,1,Microx TX3 fiberoptic oxygenmeter,50,,polypropylene,,closed,bimodal,adult,,female,mature adults,fresh mass,milligram,138.1,10,,,,,,,,,"partial respiration measure, referring to the aquatic part of oxygen uptake only",umolO2/h/ind,0.398877958,animalID_Il40
Verberk_and_Bilton_2015,26-03-2023,Wilco_Verberk,w.verberk@science.ru.nl,primary,https://doi.org/10.5281/zenodo.7772187,https://doi.org/10.1242/jeb.119560,,Ilyocorus_cimicoides,South Drain_Somerset Levels_UK,freshwater,ditch,0.5,51.1806,-2.8803,field,,,,,no,,,,,,,,,,,,,yes,7,10,0,7,21,400,12L_12D,100,kPa,uatm,red chironomids,standard,1.25,1,Microx TX3 fiberoptic oxygenmeter,50,,polypropylene,,closed,bimodal,adult,,female,mature adults,fresh mass,milligram,132.9,10,,,,,,,,,"partial respiration measure, referring to the aquatic part of oxygen uptake only",umolO2/h/ind,0.256769265,animalID_Il41
Verberk_and_Bilton_2015,26-03-2023,Wilco_Verberk,w.verberk@science.ru.nl,primary,https://doi.org/10.5281/zenodo.7772187,https://doi.org/10.1242/jeb.119560,,Ilyocorus_cimicoides,South Drain_Somerset Levels_UK,freshwater,ditch,0.5,51.1806,-2.8803,field,,,,,no,,,,,,,,,,,,,yes,7,10,0,7,21,400,12L_12D,100,kPa,uatm,red chironomids,standard,1.25,1,Microx TX3 fiberoptic oxygenmeter,50,,polypropylene,,closed,bimodal,adult,,male,mature adults,fresh mass,milligram,102.9,10,,,,,,,,,"partial respiration measure, referring to the aquatic part of oxygen uptake only",umolO2/h/ind,0.204232121,animalID_Il42
Verberk_and_Bilton_2015,26-03-2023,Wilco_Verberk,w.verberk@science.ru.nl,primary,https://doi.org/10.5281/zenodo.7772187,https://doi.org/10.1242/jeb.119560,,Ilyocorus_cimicoides,South Drain_Somerset Levels_UK,freshwater,ditch,0.5,51.1806,-2.8803,field,,,,,no,,,,,,,,,,,,,yes,7,10,0,7,21,400,12L_12D,100,kPa,uatm,red chironomids,standard,1.25,1,Microx TX3 fiberoptic oxygenmeter,50,,polypropylene,,closed,bimodal,adult,,male,mature adults,fresh mass,milligram,91.6,10,,,,,,,,,"partial respiration measure, referring to the aquatic part of oxygen uptake only",umolO2/h/ind,0.7629191,animalID_Il43
Verberk_and_Bilton_2015,26-03-2023,Wilco_Verberk,w.verberk@science.ru.nl,primary,https://doi.org/10.5281/zenodo.7772187,https://doi.org/10.1242/jeb.119560,,Ilyocorus_cimicoides,South Drain_Somerset Levels_UK,freshwater,ditch,0.5,51.1806,-2.8803,field,,,,,no,,,,,,,,,,,,,yes,7,10,0,7,21,400,12L_12D,100,kPa,uatm,red chironomids,standard,1.25,1,Microx TX3 fiberoptic oxygenmeter,50,,polypropylene,,closed,bimodal,adult,,male,mature adults,fresh mass,milligram,105.2,10,,,,,,,,,"partial respiration measure, referring to the aquatic part of oxygen uptake only",umolO2/h/ind,0.438463966,animalID_Il44
Verberk_and_Bilton_2015,26-03-2023,Wilco_Verberk,w.verberk@science.ru.nl,primary,https://doi.org/10.5281/zenodo.7772187,https://doi.org/10.1242/jeb.119560,,Ilyocorus_cimicoides,South Drain_Somerset Levels_UK,freshwater,ditch,0.5,51.1806,-2.8803,field,,,,,no,,,,,,,,,,,,,yes,7,10,0,7,21,400,12L_12D,100,kPa,uatm,red chironomids,standard,1.25,1,Microx TX3 fiberoptic oxygenmeter,50,,polypropylene,,closed,bimodal,adult,,female,mature adults,fresh mass,milligram,140.5,10,,,,,,,,,"partial respiration measure, referring to the aquatic part of oxygen uptake only",umolO2/h/ind,0.457745044,animalID_Il45
Verberk_and_Bilton_2015,26-03-2023,Wilco_Verberk,w.verberk@science.ru.nl,primary,https://doi.org/10.5281/zenodo.7772187,https://doi.org/10.1242/jeb.119560,,Ilyocorus_cimicoides,South Drain_Somerset Levels_UK,freshwater,ditch,0.5,51.1806,-2.8803,field,,,,,no,,,,,,,,,,,,,yes,7,10,0,7,21,400,12L_12D,100,kPa,uatm,red chironomids,standard,1.25,1,Microx TX3 fiberoptic oxygenmeter,50,,polypropylene,,closed,bimodal,adult,,male,mature adults,fresh mass,milligram,111.7,10,,,,,,,,,"partial respiration measure, referring to the aquatic part of oxygen uptake only",umolO2/h/ind,0.093394606,animalID_Il46
Verberk_and_Bilton_2015,26-03-2023,Wilco_Verberk,w.verberk@science.ru.nl,primary,https://doi.org/10.5281/zenodo.7772187,https://doi.org/10.1242/jeb.119560,,Ilyocorus_cimicoides,South Drain_Somerset Levels_UK,freshwater,ditch,0.5,51.1806,-2.8803,field,,,,,no,,,,,,,,,,,,,yes,7,10,0,7,21,400,12L_12D,100,kPa,uatm,red chironomids,standard,1.25,1,Microx TX3 fiberoptic oxygenmeter,50,,polypropylene,,closed,bimodal,adult,,female,mature adults,fresh mass,milligram,146.2,10,,,,,,,,,"partial respiration measure, referring to the aquatic part of oxygen uptake only",umolO2/h/ind,0.219883195,animalID_Il47
Verberk_and_Bilton_2015,26-03-2023,Wilco_Verberk,w.verberk@science.ru.nl,primary,https://doi.org/10.5281/zenodo.7772187,https://doi.org/10.1242/jeb.119560,,Ilyocorus_cimicoides,South Drain_Somerset Levels_UK,freshwater,ditch,0.5,51.1806,-2.8803,field,,,,,no,,,,,,,,,,,,,yes,7,10,0,7,21,400,12L_12D,100,kPa,uatm,red chironomids,standard,1.25,1,Microx TX3 fiberoptic oxygenmeter,50,,polypropylene,,closed,bimodal,adult,,female,mature adults,fresh mass,milligram,129.2,10,,,,,,,,,"partial respiration measure, referring to the aquatic part of oxygen uptake only",umolO2/h/ind,0.094757909,animalID_Il48
Verberk_and_Bilton_2015,26-03-2023,Wilco_Verberk,w.verberk@science.ru.nl,primary,https://doi.org/10.5281/zenodo.7772187,https://doi.org/10.1242/jeb.119560,,Ilyocorus_cimicoides,South Drain_Somerset Levels_UK,freshwater,ditch,0.5,51.1806,-2.8803,field,,,,,no,,,,,,,,,,,,,yes,7,10,0,7,21,400,12L_12D,100,kPa,uatm,red chironomids,standard,1.25,1,Microx TX3 fiberoptic oxygenmeter,50,,polypropylene,,closed,bimodal,adult,,NA,mature adults,fresh mass,milligram,96,10,,,,,,,,,"partial respiration measure, referring to the aquatic part of oxygen uptake only",umolO2/h/ind,0.232874366,animalID_Il49
Verberk_and_Bilton_2015,26-03-2023,Wilco_Verberk,w.verberk@science.ru.nl,primary,https://doi.org/10.5281/zenodo.7772187,https://doi.org/10.1242/jeb.119560,,Ilyocorus_cimicoides,South Drain_Somerset Levels_UK,freshwater,ditch,0.5,51.1806,-2.8803,field,,,,,no,,,,,,,,,,,,,yes,7,10,0,7,21,400,12L_12D,100,kPa,uatm,red chironomids,standard,1.25,1,Microx TX3 fiberoptic oxygenmeter,50,,polypropylene,,closed,bimodal,adult,,NA,mature adults,fresh mass,milligram,106,10,,,,,,,,,"partial respiration measure, referring to the aquatic part of oxygen uptake only",umolO2/h/ind,0.085715696,animalID_Il50
Verberk_and_Bilton_2015,26-03-2023,Wilco_Verberk,w.verberk@science.ru.nl,primary,https://doi.org/10.5281/zenodo.7772187,https://doi.org/10.1242/jeb.119560,,Ilyocorus_cimicoides,South Drain_Somerset Levels_UK,freshwater,ditch,0.5,51.1806,-2.8803,field,,,,,no,,,,,,,,,,,,,yes,7,10,0,7,21,400,12L_12D,100,kPa,uatm,red chironomids,standard,1.25,1,Microx TX3 fiberoptic oxygenmeter,50,,polypropylene,,closed,bimodal,adult,,male,mature adults,fresh mass,milligram,91.6,15,,,,,,,,,"partial respiration measure, referring to the aquatic part of oxygen uptake only",umolO2/h/ind,0,animalID_Il43
Verberk_and_Bilton_2015,26-03-2023,Wilco_Verberk,w.verberk@science.ru.nl,primary,https://doi.org/10.5281/zenodo.7772187,https://doi.org/10.1242/jeb.119560,,Ilyocorus_cimicoides,South Drain_Somerset Levels_UK,freshwater,ditch,0.5,51.1806,-2.8803,field,,,,,no,,,,,,,,,,,,,yes,7,10,0,7,21,400,12L_12D,100,kPa,uatm,red chironomids,standard,1.25,1,Microx TX3 fiberoptic oxygenmeter,50,,polypropylene,,closed,bimodal,adult,,female,mature adults,fresh mass,milligram,129.2,15,,,,,,,,,"partial respiration measure, referring to the aquatic part of oxygen uptake only",umolO2/h/ind,0.0394162,animalID_Il48
Verberk_and_Bilton_2015,26-03-2023,Wilco_Verberk,w.verberk@science.ru.nl,primary,https://doi.org/10.5281/zenodo.7772187,https://doi.org/10.1242/jeb.119560,,Ilyocorus_cimicoides,South Drain_Somerset Levels_UK,freshwater,ditch,0.5,51.1806,-2.8803,field,,,,,no,,,,,,,,,,,,,yes,7,10,0,7,21,400,12L_12D,100,kPa,uatm,red chironomids,standard,1.25,1,Microx TX3 fiberoptic oxygenmeter,50,,polypropylene,,closed,bimodal,adult,,male,mature adults,fresh mass,milligram,105.2,15,,,,,,,,,"partial respiration measure, referring to the aquatic part of oxygen uptake only",umolO2/h/ind,0.552963425,animalID_Il44
Verberk_and_Bilton_2015,26-03-2023,Wilco_Verberk,w.verberk@science.ru.nl,primary,https://doi.org/10.5281/zenodo.7772187,https://doi.org/10.1242/jeb.119560,,Ilyocorus_cimicoides,South Drain_Somerset Levels_UK,freshwater,ditch,0.5,51.1806,-2.8803,field,,,,,no,,,,,,,,,,,,,yes,7,10,0,7,21,400,12L_12D,100,kPa,uatm,red chironomids,standard,1.25,1,Microx TX3 fiberoptic oxygenmeter,50,,polypropylene,,closed,bimodal,adult,,NA,mature adults,fresh mass,milligram,96,15,,,,,,,,,"partial respiration measure, referring to the aquatic part of oxygen uptake only",umolO2/h/ind,0.165369062,animalID_Il49
Verberk_and_Bilton_2015,26-03-2023,Wilco_Verberk,w.verberk@science.ru.nl,primary,https://doi.org/10.5281/zenodo.7772187,https://doi.org/10.1242/jeb.119560,,Ilyocorus_cimicoides,South Drain_Somerset Levels_UK,freshwater,ditch,0.5,51.1806,-2.8803,field,,,,,no,,,,,,,,,,,,,yes,7,10,0,7,21,400,12L_12D,100,kPa,uatm,red chironomids,standard,1.25,1,Microx TX3 fiberoptic oxygenmeter,50,,polypropylene,,closed,bimodal,adult,,female,mature adults,fresh mass,milligram,140.5,15,,,,,,,,,"partial respiration measure, referring to the aquatic part of oxygen uptake only",umolO2/h/ind,0.02964659,animalID_Il45
Verberk_and_Bilton_2015,26-03-2023,Wilco_Verberk,w.verberk@science.ru.nl,primary,https://doi.org/10.5281/zenodo.7772187,https://doi.org/10.1242/jeb.119560,,Ilyocorus_cimicoides,South Drain_Somerset Levels_UK,freshwater,ditch,0.5,51.1806,-2.8803,field,,,,,no,,,,,,,,,,,,,yes,7,10,0,7,21,400,12L_12D,100,kPa,uatm,red chironomids,standard,1.25,1,Microx TX3 fiberoptic oxygenmeter,50,,polypropylene,,closed,bimodal,adult,,NA,mature adults,fresh mass,milligram,106,15,,,,,,,,,"partial respiration measure, referring to the aquatic part of oxygen uptake only",umolO2/h/ind,0.088276382,animalID_Il50
Verberk_and_Bilton_2015,26-03-2023,Wilco_Verberk,w.verberk@science.ru.nl,primary,https://doi.org/10.5281/zenodo.7772187,https://doi.org/10.1242/jeb.119560,,Ilyocorus_cimicoides,South Drain_Somerset Levels_UK,freshwater,ditch,0.5,51.1806,-2.8803,field,,,,,no,,,,,,,,,,,,,yes,7,10,0,7,21,400,12L_12D,100,kPa,uatm,red chironomids,standard,1.25,1,Microx TX3 fiberoptic oxygenmeter,50,,polypropylene,,closed,bimodal,adult,,male,mature adults,fresh mass,milligram,111.7,15,,,,,,,,,"partial respiration measure, referring to the aquatic part of oxygen uptake only",umolO2/h/ind,0.228876188,animalID_Il46
Verberk_and_Bilton_2015,26-03-2023,Wilco_Verberk,w.verberk@science.ru.nl,primary,https://doi.org/10.5281/zenodo.7772187,https://doi.org/10.1242/jeb.119560,,Ilyocorus_cimicoides,South Drain_Somerset Levels_UK,freshwater,ditch,0.5,51.1806,-2.8803,field,,,,,no,,,,,,,,,,,,,yes,7,10,0,7,21,400,12L_12D,100,kPa,uatm,red chironomids,standard,1.25,1,Microx TX3 fiberoptic oxygenmeter,50,,polypropylene,,closed,bimodal,adult,,female,mature adults,fresh mass,milligram,146.2,15,,,,,,,,,"partial respiration measure, referring to the aquatic part of oxygen uptake only",umolO2/h/ind,0.518570516,animalID_Il47
Verberk_and_Bilton_2015,26-03-2023,Wilco_Verberk,w.verberk@science.ru.nl,primary,https://doi.org/10.5281/zenodo.7772187,https://doi.org/10.1242/jeb.119560,,Ilyocorus_cimicoides,South Drain_Somerset Levels_UK,freshwater,ditch,0.5,51.1806,-2.8803,field,,,,,no,,,,,,,,,,,,,yes,7,10,0,7,21,400,12L_12D,100,kPa,uatm,red chironomids,standard,1.25,1,Microx TX3 fiberoptic oxygenmeter,50,,polypropylene,,closed,bimodal,adult,,male,mature adults,fresh mass,milligram,91.6,5,,,,,,,,,"partial respiration measure, referring to the aquatic part of oxygen uptake only",umolO2/h/ind,0.144270804,animalID_Il43
Verberk_and_Bilton_2015,26-03-2023,Wilco_Verberk,w.verberk@science.ru.nl,primary,https://doi.org/10.5281/zenodo.7772187,https://doi.org/10.1242/jeb.119560,,Ilyocorus_cimicoides,South Drain_Somerset Levels_UK,freshwater,ditch,0.5,51.1806,-2.8803,field,,,,,no,,,,,,,,,,,,,yes,7,10,0,7,21,400,12L_12D,100,kPa,uatm,red chironomids,standard,1.25,1,Microx TX3 fiberoptic oxygenmeter,50,,polypropylene,,closed,bimodal,adult,,male,mature adults,fresh mass,milligram,105.2,5,,,,,,,,,"partial respiration measure, referring to the aquatic part of oxygen uptake only",umolO2/h/ind,0.213915931,animalID_Il44
Verberk_and_Bilton_2015,26-03-2023,Wilco_Verberk,w.verberk@science.ru.nl,primary,https://doi.org/10.5281/zenodo.7772187,https://doi.org/10.1242/jeb.119560,,Ilyocorus_cimicoides,South Drain_Somerset Levels_UK,freshwater,ditch,0.5,51.1806,-2.8803,field,,,,,no,,,,,,,,,,,,,yes,7,10,0,7,21,400,12L_12D,100,kPa,uatm,red chironomids,standard,1.25,1,Microx TX3 fiberoptic oxygenmeter,50,,polypropylene,,closed,bimodal,adult,,female,mature adults,fresh mass,milligram,140.5,5,,,,,,,,,"partial respiration measure, referring to the aquatic part of oxygen uptake only",umolO2/h/ind,0.2779382,animalID_Il45
Verberk_and_Bilton_2015,26-03-2023,Wilco_Verberk,w.verberk@science.ru.nl,primary,https://doi.org/10.5281/zenodo.7772187,https://doi.org/10.1242/jeb.119560,,Ilyocorus_cimicoides,South Drain_Somerset Levels_UK,freshwater,ditch,0.5,51.1806,-2.8803,field,,,,,no,,,,,,,,,,,,,yes,7,10,0,7,21,400,12L_12D,100,kPa,uatm,red chironomids,standard,1.25,1,Microx TX3 fiberoptic oxygenmeter,50,,polypropylene,,closed,bimodal,adult,,male,mature adults,fresh mass,milligram,111.7,5,,,,,,,,,"partial respiration measure, referring to the aquatic part of oxygen uptake only",umolO2/h/ind,0.22323968,animalID_Il46
Verberk_and_Bilton_2015,26-03-2023,Wilco_Verberk,w.verberk@science.ru.nl,primary,https://doi.org/10.5281/zenodo.7772187,https://doi.org/10.1242/jeb.119560,,Ilyocorus_cimicoides,South Drain_Somerset Levels_UK,freshwater,ditch,0.5,51.1806,-2.8803,field,,,,,no,,,,,,,,,,,,,yes,7,10,0,7,21,400,12L_12D,100,kPa,uatm,red chironomids,standard,1.25,1,Microx TX3 fiberoptic oxygenmeter,50,,polypropylene,,closed,bimodal,adult,,female,mature adults,fresh mass,milligram,146.2,5,,,,,,,,,"partial respiration measure, referring to the aquatic part of oxygen uptake only",umolO2/h/ind,0.206032307,animalID_Il47
Verberk_and_Bilton_2015,26-03-2023,Wilco_Verberk,w.verberk@science.ru.nl,primary,https://doi.org/10.5281/zenodo.7772187,https://doi.org/10.1242/jeb.119560,,Ilyocorus_cimicoides,South Drain_Somerset Levels_UK,freshwater,ditch,0.5,51.1806,-2.8803,field,,,,,no,,,,,,,,,,,,,yes,7,10,0,7,21,400,12L_12D,100,kPa,uatm,red chironomids,standard,1.25,1,Microx TX3 fiberoptic oxygenmeter,50,,polypropylene,,closed,bimodal,adult,,female,mature adults,fresh mass,milligram,129.2,5,,,,,,,,,"partial respiration measure, referring to the aquatic part of oxygen uptake only",umolO2/h/ind,0.107022899,animalID_Il48
Verberk_and_Bilton_2015,26-03-2023,Wilco_Verberk,w.verberk@science.ru.nl,primary,https://doi.org/10.5281/zenodo.7772187,https://doi.org/10.1242/jeb.119560,,Ilyocorus_cimicoides,South Drain_Somerset Levels_UK,freshwater,ditch,0.5,51.1806,-2.8803,field,,,,,no,,,,,,,,,,,,,yes,7,10,0,7,21,400,12L_12D,100,kPa,uatm,red chironomids,standard,1.25,1,Microx TX3 fiberoptic oxygenmeter,50,,polypropylene,,closed,bimodal,adult,,NA,mature adults,fresh mass,milligram,96,5,,,,,,,,,"partial respiration measure, referring to the aquatic part of oxygen uptake only",umolO2/h/ind,0.127135824,animalID_Il49
Verberk_and_Bilton_2015,26-03-2023,Wilco_Verberk,w.verberk@science.ru.nl,primary,https://doi.org/10.5281/zenodo.7772187,https://doi.org/10.1242/jeb.119560,,Ilyocorus_cimicoides,South Drain_Somerset Levels_UK,freshwater,ditch,0.5,51.1806,-2.8803,field,,,,,no,,,,,,,,,,,,,yes,7,10,0,7,21,400,12L_12D,100,kPa,uatm,red chironomids,standard,1.25,1,Microx TX3 fiberoptic oxygenmeter,50,,polypropylene,,closed,bimodal,adult,,NA,mature adults,fresh mass,milligram,106,5,,,,,,,,,"partial respiration measure, referring to the aquatic part of oxygen uptake only",umolO2/h/ind,0.147352367,animalID_Il50
Verberk_and_Bilton_2015,26-03-2023,Wilco_Verberk,w.verberk@science.ru.nl,primary,https://doi.org/10.5281/zenodo.7772187,https://doi.org/10.1242/jeb.119560,,Ilyocorus_cimicoides,South Drain_Somerset Levels_UK,freshwater,ditch,0.5,51.1806,-2.8803,field,,,,,no,,,,,,,,,,,,,yes,7,10,0,7,21,400,12L_12D,100,kPa,uatm,red chironomids,standard,1.25,1,Microx TX3 fiberoptic oxygenmeter,50,,polypropylene,,closed,bimodal,adult,,female,mature adults,fresh mass,milligram,161.4,15,,,,,,,,,"partial respiration measure, referring to the aerial part of oxygen uptake only",umolO2/h/ind,1.505199221,animalID_Il39
Verberk_and_Bilton_2015,26-03-2023,Wilco_Verberk,w.verberk@science.ru.nl,primary,https://doi.org/10.5281/zenodo.7772187,https://doi.org/10.1242/jeb.119560,,Ilyocorus_cimicoides,South Drain_Somerset Levels_UK,freshwater,ditch,0.5,51.1806,-2.8803,field,,,,,no,,,,,,,,,,,,,yes,7,10,0,7,21,400,12L_12D,100,kPa,uatm,red chironomids,standard,1.25,1,Microx TX3 fiberoptic oxygenmeter,50,,polypropylene,,closed,bimodal,adult,,female,mature adults,fresh mass,milligram,138.1,15,,,,,,,,,"partial respiration measure, referring to the aerial part of oxygen uptake only",umolO2/h/ind,0.375525989,animalID_Il40
Verberk_and_Bilton_2015,26-03-2023,Wilco_Verberk,w.verberk@science.ru.nl,primary,https://doi.org/10.5281/zenodo.7772187,https://doi.org/10.1242/jeb.119560,,Ilyocorus_cimicoides,South Drain_Somerset Levels_UK,freshwater,ditch,0.5,51.1806,-2.8803,field,,,,,no,,,,,,,,,,,,,yes,7,10,0,7,21,400,12L_12D,100,kPa,uatm,red chironomids,standard,1.25,1,Microx TX3 fiberoptic oxygenmeter,50,,polypropylene,,closed,bimodal,adult,,female,mature adults,fresh mass,milligram,132.9,15,,,,,,,,,"partial respiration measure, referring to the aerial part of oxygen uptake only",umolO2/h/ind,0.437531417,animalID_Il41
Verberk_and_Bilton_2015,26-03-2023,Wilco_Verberk,w.verberk@science.ru.nl,primary,https://doi.org/10.5281/zenodo.7772187,https://doi.org/10.1242/jeb.119560,,Ilyocorus_cimicoides,South Drain_Somerset Levels_UK,freshwater,ditch,0.5,51.1806,-2.8803,field,,,,,no,,,,,,,,,,,,,yes,7,10,0,7,21,400,12L_12D,100,kPa,uatm,red chironomids,standard,1.25,1,Microx TX3 fiberoptic oxygenmeter,50,,polypropylene,,closed,bimodal,adult,,male,mature adults,fresh mass,milligram,102.9,15,,,,,,,,,"partial respiration measure, referring to the aerial part of oxygen uptake only",umolO2/h/ind,1.106126795,animalID_Il42
Verberk_and_Bilton_2015,26-03-2023,Wilco_Verberk,w.verberk@science.ru.nl,primary,https://doi.org/10.5281/zenodo.7772187,https://doi.org/10.1242/jeb.119560,,Ilyocorus_cimicoides,South Drain_Somerset Levels_UK,freshwater,ditch,0.5,51.1806,-2.8803,field,,,,,no,,,,,,,,,,,,,yes,7,10,0,7,21,400,12L_12D,100,kPa,uatm,red chironomids,standard,1.25,1,Microx TX3 fiberoptic oxygenmeter,50,,polypropylene,,closed,bimodal,adult,,male,mature adults,fresh mass,milligram,106,5,,,,,,,,,"partial respiration measure, referring to the aerial part of oxygen uptake only",umolO2/h/ind,0.233148962,animalID_Il42
Verberk_and_Bilton_2015,26-03-2023,Wilco_Verberk,w.verberk@science.ru.nl,primary,https://doi.org/10.5281/zenodo.7772187,https://doi.org/10.1242/jeb.119560,,Ilyocorus_cimicoides,South Drain_Somerset Levels_UK,freshwater,ditch,0.5,51.1806,-2.8803,field,,,,,no,,,,,,,,,,,,,yes,7,10,0,7,21,400,12L_12D,100,kPa,uatm,red chironomids,standard,1.25,1,Microx TX3 fiberoptic oxygenmeter,50,,polypropylene,,closed,bimodal,adult,,female,mature adults,fresh mass,milligram,132.9,5,,,,,,,,,"partial respiration measure, referring to the aerial part of oxygen uptake only",umolO2/h/ind,0.526661117,animalID_Il41
Verberk_and_Bilton_2015,26-03-2023,Wilco_Verberk,w.verberk@science.ru.nl,primary,https://doi.org/10.5281/zenodo.7772187,https://doi.org/10.1242/jeb.119560,,Ilyocorus_cimicoides,South Drain_Somerset Levels_UK,freshwater,ditch,0.5,51.1806,-2.8803,field,,,,,no,,,,,,,,,,,,,yes,7,10,0,7,21,400,12L_12D,100,kPa,uatm,red chironomids,standard,1.25,1,Microx TX3 fiberoptic oxygenmeter,50,,polypropylene,,closed,bimodal,adult,,female,mature adults,fresh mass,milligram,161.4,5,,,,,,,,,"partial respiration measure, referring to the aerial part of oxygen uptake only",umolO2/h/ind,0.337120024,animalID_Il39
Verberk_and_Bilton_2015,26-03-2023,Wilco_Verberk,w.verberk@science.ru.nl,primary,https://doi.org/10.5281/zenodo.7772187,https://doi.org/10.1242/jeb.119560,,Ilyocorus_cimicoides,South Drain_Somerset Levels_UK,freshwater,ditch,0.5,51.1806,-2.8803,field,,,,,no,,,,,,,,,,,,,yes,7,10,0,7,21,400,12L_12D,100,kPa,uatm,red chironomids,standard,1.25,1,Microx TX3 fiberoptic oxygenmeter,50,,polypropylene,,closed,bimodal,adult,,female,mature adults,fresh mass,milligram,138.1,5,,,,,,,,,"partial respiration measure, referring to the aerial part of oxygen uptake only",umolO2/h/ind,0,animalID_Il40
Verberk_and_Bilton_2015,26-03-2023,Wilco_Verberk,w.verberk@science.ru.nl,primary,https://doi.org/10.5281/zenodo.7772187,https://doi.org/10.1242/jeb.119560,,Ilyocorus_cimicoides,South Drain_Somerset Levels_UK,freshwater,ditch,0.5,51.1806,-2.8803,field,,,,,no,,,,,,,,,,,,,yes,7,10,0,7,21,400,12L_12D,100,kPa,uatm,red chironomids,standard,1.25,1,Microx TX3 fiberoptic oxygenmeter,50,,polypropylene,,closed,bimodal,adult,,female,mature adults,fresh mass,milligram,161.4,10,,,,,,,,,"partial respiration measure, referring to the aerial part of oxygen uptake only",umolO2/h/ind,0.712428304,animalID_Il39
Verberk_and_Bilton_2015,26-03-2023,Wilco_Verberk,w.verberk@science.ru.nl,primary,https://doi.org/10.5281/zenodo.7772187,https://doi.org/10.1242/jeb.119560,,Ilyocorus_cimicoides,South Drain_Somerset Levels_UK,freshwater,ditch,0.5,51.1806,-2.8803,field,,,,,no,,,,,,,,,,,,,yes,7,10,0,7,21,400,12L_12D,100,kPa,uatm,red chironomids,standard,1.25,1,Microx TX3 fiberoptic oxygenmeter,50,,polypropylene,,closed,bimodal,adult,,female,mature adults,fresh mass,milligram,138.1,10,,,,,,,,,"partial respiration measure, referring to the aerial part of oxygen uptake only",umolO2/h/ind,0.809070779,animalID_Il40
Verberk_and_Bilton_2015,26-03-2023,Wilco_Verberk,w.verberk@science.ru.nl,primary,https://doi.org/10.5281/zenodo.7772187,https://doi.org/10.1242/jeb.119560,,Ilyocorus_cimicoides,South Drain_Somerset Levels_UK,freshwater,ditch,0.5,51.1806,-2.8803,field,,,,,no,,,,,,,,,,,,,yes,7,10,0,7,21,400,12L_12D,100,kPa,uatm,red chironomids,standard,1.25,1,Microx TX3 fiberoptic oxygenmeter,50,,polypropylene,,closed,bimodal,adult,,female,mature adults,fresh mass,milligram,132.9,10,,,,,,,,,"partial respiration measure, referring to the aerial part of oxygen uptake only",umolO2/h/ind,1.224779799,animalID_Il41
Verberk_and_Bilton_2015,26-03-2023,Wilco_Verberk,w.verberk@science.ru.nl,primary,https://doi.org/10.5281/zenodo.7772187,https://doi.org/10.1242/jeb.119560,,Ilyocorus_cimicoides,South Drain_Somerset Levels_UK,freshwater,ditch,0.5,51.1806,-2.8803,field,,,,,no,,,,,,,,,,,,,yes,7,10,0,7,21,400,12L_12D,100,kPa,uatm,red chironomids,standard,1.25,1,Microx TX3 fiberoptic oxygenmeter,50,,polypropylene,,closed,bimodal,adult,,male,mature adults,fresh mass,milligram,102.9,10,,,,,,,,,"partial respiration measure, referring to the aerial part of oxygen uptake only",umolO2/h/ind,0.477448276,animalID_Il42
Verberk_and_Bilton_2015,26-03-2023,Wilco_Verberk,w.verberk@science.ru.nl,primary,https://doi.org/10.5281/zenodo.7772187,https://doi.org/10.1242/jeb.119560,,Ilyocorus_cimicoides,South Drain_Somerset Levels_UK,freshwater,ditch,0.5,51.1806,-2.8803,field,,,,,no,,,,,,,,,,,,,yes,7,10,0,7,21,400,12L_12D,100,kPa,uatm,red chironomids,standard,1.25,1,Microx TX3 fiberoptic oxygenmeter,50,,polypropylene,,closed,bimodal,adult,,male,mature adults,fresh mass,milligram,91.6,10,,,,,,,,,"partial respiration measure, referring to the aerial part of oxygen uptake only",umolO2/h/ind,0.101406911,animalID_Il43
Verberk_and_Bilton_2015,26-03-2023,Wilco_Verberk,w.verberk@science.ru.nl,primary,https://doi.org/10.5281/zenodo.7772187,https://doi.org/10.1242/jeb.119560,,Ilyocorus_cimicoides,South Drain_Somerset Levels_UK,freshwater,ditch,0.5,51.1806,-2.8803,field,,,,,no,,,,,,,,,,,,,yes,7,10,0,7,21,400,12L_12D,100,kPa,uatm,red chironomids,standard,1.25,1,Microx TX3 fiberoptic oxygenmeter,50,,polypropylene,,closed,bimodal,adult,,male,mature adults,fresh mass,milligram,105.2,10,,,,,,,,,"partial respiration measure, referring to the aerial part of oxygen uptake only",umolO2/h/ind,0.294780746,animalID_Il44
Verberk_and_Bilton_2015,26-03-2023,Wilco_Verberk,w.verberk@science.ru.nl,primary,https://doi.org/10.5281/zenodo.7772187,https://doi.org/10.1242/jeb.119560,,Ilyocorus_cimicoides,South Drain_Somerset Levels_UK,freshwater,ditch,0.5,51.1806,-2.8803,field,,,,,no,,,,,,,,,,,,,yes,7,10,0,7,21,400,12L_12D,100,kPa,uatm,red chironomids,standard,1.25,1,Microx TX3 fiberoptic oxygenmeter,50,,polypropylene,,closed,bimodal,adult,,female,mature adults,fresh mass,milligram,140.5,10,,,,,,,,,"partial respiration measure, referring to the aerial part of oxygen uptake only",umolO2/h/ind,0.285768856,animalID_Il45
Verberk_and_Bilton_2015,26-03-2023,Wilco_Verberk,w.verberk@science.ru.nl,primary,https://doi.org/10.5281/zenodo.7772187,https://doi.org/10.1242/jeb.119560,,Ilyocorus_cimicoides,South Drain_Somerset Levels_UK,freshwater,ditch,0.5,51.1806,-2.8803,field,,,,,no,,,,,,,,,,,,,yes,7,10,0,7,21,400,12L_12D,100,kPa,uatm,red chironomids,standard,1.25,1,Microx TX3 fiberoptic oxygenmeter,50,,polypropylene,,closed,bimodal,adult,,male,mature adults,fresh mass,milligram,111.7,10,,,,,,,,,"partial respiration measure, referring to the aerial part of oxygen uptake only",umolO2/h/ind,0.413783304,animalID_Il46
Verberk_and_Bilton_2015,26-03-2023,Wilco_Verberk,w.verberk@science.ru.nl,primary,https://doi.org/10.5281/zenodo.7772187,https://doi.org/10.1242/jeb.119560,,Ilyocorus_cimicoides,South Drain_Somerset Levels_UK,freshwater,ditch,0.5,51.1806,-2.8803,field,,,,,no,,,,,,,,,,,,,yes,7,10,0,7,21,400,12L_12D,100,kPa,uatm,red chironomids,standard,1.25,1,Microx TX3 fiberoptic oxygenmeter,50,,polypropylene,,closed,bimodal,adult,,female,mature adults,fresh mass,milligram,146.2,10,,,,,,,,,"partial respiration measure, referring to the aerial part of oxygen uptake only",umolO2/h/ind,0.298352219,animalID_Il47
Verberk_and_Bilton_2015,26-03-2023,Wilco_Verberk,w.verberk@science.ru.nl,primary,https://doi.org/10.5281/zenodo.7772187,https://doi.org/10.1242/jeb.119560,,Ilyocorus_cimicoides,South Drain_Somerset Levels_UK,freshwater,ditch,0.5,51.1806,-2.8803,field,,,,,no,,,,,,,,,,,,,yes,7,10,0,7,21,400,12L_12D,100,kPa,uatm,red chironomids,standard,1.25,1,Microx TX3 fiberoptic oxygenmeter,50,,polypropylene,,closed,bimodal,adult,,female,mature adults,fresh mass,milligram,129.2,10,,,,,,,,,"partial respiration measure, referring to the aerial part of oxygen uptake only",umolO2/h/ind,0.3316843,animalID_Il48
Verberk_and_Bilton_2015,26-03-2023,Wilco_Verberk,w.verberk@science.ru.nl,primary,https://doi.org/10.5281/zenodo.7772187,https://doi.org/10.1242/jeb.119560,,Ilyocorus_cimicoides,South Drain_Somerset Levels_UK,freshwater,ditch,0.5,51.1806,-2.8803,field,,,,,no,,,,,,,,,,,,,yes,7,10,0,7,21,400,12L_12D,100,kPa,uatm,red chironomids,standard,1.25,1,Microx TX3 fiberoptic oxygenmeter,50,,polypropylene,,closed,bimodal,adult,,NA,mature adults,fresh mass,milligram,96,10,,,,,,,,,"partial respiration measure, referring to the aerial part of oxygen uptake only",umolO2/h/ind,0.357954995,animalID_Il49
Verberk_and_Bilton_2015,26-03-2023,Wilco_Verberk,w.verberk@science.ru.nl,primary,https://doi.org/10.5281/zenodo.7772187,https://doi.org/10.1242/jeb.119560,,Ilyocorus_cimicoides,South Drain_Somerset Levels_UK,freshwater,ditch,0.5,51.1806,-2.8803,field,,,,,no,,,,,,,,,,,,,yes,7,10,0,7,21,400,12L_12D,100,kPa,uatm,red chironomids,standard,1.25,1,Microx TX3 fiberoptic oxygenmeter,50,,polypropylene,,closed,bimodal,adult,,NA,mature adults,fresh mass,milligram,106,10,,,,,,,,,"partial respiration measure, referring to the aerial part of oxygen uptake only",umolO2/h/ind,0.084200214,animalID_Il50
Verberk_and_Bilton_2015,26-03-2023,Wilco_Verberk,w.verberk@science.ru.nl,primary,https://doi.org/10.5281/zenodo.7772187,https://doi.org/10.1242/jeb.119560,,Ilyocorus_cimicoides,South Drain_Somerset Levels_UK,freshwater,ditch,0.5,51.1806,-2.8803,field,,,,,no,,,,,,,,,,,,,yes,7,10,0,7,21,400,12L_12D,100,kPa,uatm,red chironomids,standard,1.25,1,Microx TX3 fiberoptic oxygenmeter,50,,polypropylene,,closed,bimodal,adult,,male,mature adults,fresh mass,milligram,91.6,15,,,,,,,,,"partial respiration measure, referring to the aerial part of oxygen uptake only",umolO2/h/ind,0.45884129,animalID_Il43
Verberk_and_Bilton_2015,26-03-2023,Wilco_Verberk,w.verberk@science.ru.nl,primary,https://doi.org/10.5281/zenodo.7772187,https://doi.org/10.1242/jeb.119560,,Ilyocorus_cimicoides,South Drain_Somerset Levels_UK,freshwater,ditch,0.5,51.1806,-2.8803,field,,,,,no,,,,,,,,,,,,,yes,7,10,0,7,21,400,12L_12D,100,kPa,uatm,red chironomids,standard,1.25,1,Microx TX3 fiberoptic oxygenmeter,50,,polypropylene,,closed,bimodal,adult,,female,mature adults,fresh mass,milligram,129.2,15,,,,,,,,,"partial respiration measure, referring to the aerial part of oxygen uptake only",umolO2/h/ind,0.7793252,animalID_Il48
Verberk_and_Bilton_2015,26-03-2023,Wilco_Verberk,w.verberk@science.ru.nl,primary,https://doi.org/10.5281/zenodo.7772187,https://doi.org/10.1242/jeb.119560,,Ilyocorus_cimicoides,South Drain_Somerset Levels_UK,freshwater,ditch,0.5,51.1806,-2.8803,field,,,,,no,,,,,,,,,,,,,yes,7,10,0,7,21,400,12L_12D,100,kPa,uatm,red chironomids,standard,1.25,1,Microx TX3 fiberoptic oxygenmeter,50,,polypropylene,,closed,bimodal,adult,,male,mature adults,fresh mass,milligram,105.2,15,,,,,,,,,"partial respiration measure, referring to the aerial part of oxygen uptake only",umolO2/h/ind,0.733802648,animalID_Il44
Verberk_and_Bilton_2015,26-03-2023,Wilco_Verberk,w.verberk@science.ru.nl,primary,https://doi.org/10.5281/zenodo.7772187,https://doi.org/10.1242/jeb.119560,,Ilyocorus_cimicoides,South Drain_Somerset Levels_UK,freshwater,ditch,0.5,51.1806,-2.8803,field,,,,,no,,,,,,,,,,,,,yes,7,10,0,7,21,400,12L_12D,100,kPa,uatm,red chironomids,standard,1.25,1,Microx TX3 fiberoptic oxygenmeter,50,,polypropylene,,closed,bimodal,adult,,NA,mature adults,fresh mass,milligram,96,15,,,,,,,,,"partial respiration measure, referring to the aerial part of oxygen uptake only",umolO2/h/ind,0.470105364,animalID_Il49
Verberk_and_Bilton_2015,26-03-2023,Wilco_Verberk,w.verberk@science.ru.nl,primary,https://doi.org/10.5281/zenodo.7772187,https://doi.org/10.1242/jeb.119560,,Ilyocorus_cimicoides,South Drain_Somerset Levels_UK,freshwater,ditch,0.5,51.1806,-2.8803,field,,,,,no,,,,,,,,,,,,,yes,7,10,0,7,21,400,12L_12D,100,kPa,uatm,red chironomids,standard,1.25,1,Microx TX3 fiberoptic oxygenmeter,50,,polypropylene,,closed,bimodal,adult,,female,mature adults,fresh mass,milligram,140.5,15,,,,,,,,,"partial respiration measure, referring to the aerial part of oxygen uptake only",umolO2/h/ind,1.168541068,animalID_Il45
Verberk_and_Bilton_2015,26-03-2023,Wilco_Verberk,w.verberk@science.ru.nl,primary,https://doi.org/10.5281/zenodo.7772187,https://doi.org/10.1242/jeb.119560,,Ilyocorus_cimicoides,South Drain_Somerset Levels_UK,freshwater,ditch,0.5,51.1806,-2.8803,field,,,,,no,,,,,,,,,,,,,yes,7,10,0,7,21,400,12L_12D,100,kPa,uatm,red chironomids,standard,1.25,1,Microx TX3 fiberoptic oxygenmeter,50,,polypropylene,,closed,bimodal,adult,,NA,mature adults,fresh mass,milligram,106,15,,,,,,,,,"partial respiration measure, referring to the aerial part of oxygen uptake only",umolO2/h/ind,0.25659795,animalID_Il50
Verberk_and_Bilton_2015,26-03-2023,Wilco_Verberk,w.verberk@science.ru.nl,primary,https://doi.org/10.5281/zenodo.7772187,https://doi.org/10.1242/jeb.119560,,Ilyocorus_cimicoides,South Drain_Somerset Levels_UK,freshwater,ditch,0.5,51.1806,-2.8803,field,,,,,no,,,,,,,,,,,,,yes,7,10,0,7,21,400,12L_12D,100,kPa,uatm,red chironomids,standard,1.25,1,Microx TX3 fiberoptic oxygenmeter,50,,polypropylene,,closed,bimodal,adult,,male,mature adults,fresh mass,milligram,111.7,15,,,,,,,,,"partial respiration measure, referring to the aerial part of oxygen uptake only",umolO2/h/ind,0.350373099,animalID_Il46
Verberk_and_Bilton_2015,26-03-2023,Wilco_Verberk,w.verberk@science.ru.nl,primary,https://doi.org/10.5281/zenodo.7772187,https://doi.org/10.1242/jeb.119560,,Ilyocorus_cimicoides,South Drain_Somerset Levels_UK,freshwater,ditch,0.5,51.1806,-2.8803,field,,,,,no,,,,,,,,,,,,,yes,7,10,0,7,21,400,12L_12D,100,kPa,uatm,red chironomids,standard,1.25,1,Microx TX3 fiberoptic oxygenmeter,50,,polypropylene,,closed,bimodal,adult,,female,mature adults,fresh mass,milligram,146.2,15,,,,,,,,,"partial respiration measure, referring to the aerial part of oxygen uptake only",umolO2/h/ind,1.119464042,animalID_Il47
Verberk_and_Bilton_2015,26-03-2023,Wilco_Verberk,w.verberk@science.ru.nl,primary,https://doi.org/10.5281/zenodo.7772187,https://doi.org/10.1242/jeb.119560,,Ilyocorus_cimicoides,South Drain_Somerset Levels_UK,freshwater,ditch,0.5,51.1806,-2.8803,field,,,,,no,,,,,,,,,,,,,yes,7,10,0,7,21,400,12L_12D,100,kPa,uatm,red chironomids,standard,1.25,1,Microx TX3 fiberoptic oxygenmeter,50,,polypropylene,,closed,bimodal,adult,,male,mature adults,fresh mass,milligram,91.6,5,,,,,,,,,"partial respiration measure, referring to the aerial part of oxygen uptake only",umolO2/h/ind,0.158377678,animalID_Il43
Verberk_and_Bilton_2015,26-03-2023,Wilco_Verberk,w.verberk@science.ru.nl,primary,https://doi.org/10.5281/zenodo.7772187,https://doi.org/10.1242/jeb.119560,,Ilyocorus_cimicoides,South Drain_Somerset Levels_UK,freshwater,ditch,0.5,51.1806,-2.8803,field,,,,,no,,,,,,,,,,,,,yes,7,10,0,7,21,400,12L_12D,100,kPa,uatm,red chironomids,standard,1.25,1,Microx TX3 fiberoptic oxygenmeter,50,,polypropylene,,closed,bimodal,adult,,male,mature adults,fresh mass,milligram,105.2,5,,,,,,,,,"partial respiration measure, referring to the aerial part of oxygen uptake only",umolO2/h/ind,0.522074895,animalID_Il44
Verberk_and_Bilton_2015,26-03-2023,Wilco_Verberk,w.verberk@science.ru.nl,primary,https://doi.org/10.5281/zenodo.7772187,https://doi.org/10.1242/jeb.119560,,Ilyocorus_cimicoides,South Drain_Somerset Levels_UK,freshwater,ditch,0.5,51.1806,-2.8803,field,,,,,no,,,,,,,,,,,,,yes,7,10,0,7,21,400,12L_12D,100,kPa,uatm,red chironomids,standard,1.25,1,Microx TX3 fiberoptic oxygenmeter,50,,polypropylene,,closed,bimodal,adult,,female,mature adults,fresh mass,milligram,140.5,5,,,,,,,,,"partial respiration measure, referring to the aerial part of oxygen uptake only",umolO2/h/ind,0.066575908,animalID_Il45
Verberk_and_Bilton_2015,26-03-2023,Wilco_Verberk,w.verberk@science.ru.nl,primary,https://doi.org/10.5281/zenodo.7772187,https://doi.org/10.1242/jeb.119560,,Ilyocorus_cimicoides,South Drain_Somerset Levels_UK,freshwater,ditch,0.5,51.1806,-2.8803,field,,,,,no,,,,,,,,,,,,,yes,7,10,0,7,21,400,12L_12D,100,kPa,uatm,red chironomids,standard,1.25,1,Microx TX3 fiberoptic oxygenmeter,50,,polypropylene,,closed,bimodal,adult,,male,mature adults,fresh mass,milligram,111.7,5,,,,,,,,,"partial respiration measure, referring to the aerial part of oxygen uptake only",umolO2/h/ind,0.026089814,animalID_Il46
Verberk_and_Bilton_2015,26-03-2023,Wilco_Verberk,w.verberk@science.ru.nl,primary,https://doi.org/10.5281/zenodo.7772187,https://doi.org/10.1242/jeb.119560,,Ilyocorus_cimicoides,South Drain_Somerset Levels_UK,freshwater,ditch,0.5,51.1806,-2.8803,field,,,,,no,,,,,,,,,,,,,yes,7,10,0,7,21,400,12L_12D,100,kPa,uatm,red chironomids,standard,1.25,1,Microx TX3 fiberoptic oxygenmeter,50,,polypropylene,,closed,bimodal,adult,,female,mature adults,fresh mass,milligram,146.2,5,,,,,,,,,"partial respiration measure, referring to the aerial part of oxygen uptake only",umolO2/h/ind,0.126342134,animalID_Il47
Verberk_and_Bilton_2015,26-03-2023,Wilco_Verberk,w.verberk@science.ru.nl,primary,https://doi.org/10.5281/zenodo.7772187,https://doi.org/10.1242/jeb.119560,,Ilyocorus_cimicoides,South Drain_Somerset Levels_UK,freshwater,ditch,0.5,51.1806,-2.8803,field,,,,,no,,,,,,,,,,,,,yes,7,10,0,7,21,400,12L_12D,100,kPa,uatm,red chironomids,standard,1.25,1,Microx TX3 fiberoptic oxygenmeter,50,,polypropylene,,closed,bimodal,adult,,female,mature adults,fresh mass,milligram,129.2,5,,,,,,,,,"partial respiration measure, referring to the aerial part of oxygen uptake only",umolO2/h/ind,0.246316433,animalID_Il48
Verberk_and_Bilton_2015,26-03-2023,Wilco_Verberk,w.verberk@science.ru.nl,primary,https://doi.org/10.5281/zenodo.7772187,https://doi.org/10.1242/jeb.119560,,Ilyocorus_cimicoides,South Drain_Somerset Levels_UK,freshwater,ditch,0.5,51.1806,-2.8803,field,,,,,no,,,,,,,,,,,,,yes,7,10,0,7,21,400,12L_12D,100,kPa,uatm,red chironomids,standard,1.25,1,Microx TX3 fiberoptic oxygenmeter,50,,polypropylene,,closed,bimodal,adult,,NA,mature adults,fresh mass,milligram,96,5,,,,,,,,,"partial respiration measure, referring to the aerial part of oxygen uptake only",umolO2/h/ind,0.309759553,animalID_Il49
Verberk_and_Bilton_2015,26-03-2023,Wilco_Verberk,w.verberk@science.ru.nl,primary,https://doi.org/10.5281/zenodo.7772187,https://doi.org/10.1242/jeb.119560,,Ilyocorus_cimicoides,South Drain_Somerset Levels_UK,freshwater,ditch,0.5,51.1806,-2.8803,field,,,,,no,,,,,,,,,,,,,yes,7,10,0,7,21,400,12L_12D,100,kPa,uatm,red chironomids,standard,1.25,1,Microx TX3 fiberoptic oxygenmeter,50,,polypropylene,,closed,bimodal,adult,,NA,mature adults,fresh mass,milligram,106,5,,,,,,,,,"partial respiration measure, referring to the aerial part of oxygen uptake only",umolO2/h/ind,0,animalID_Il50
Verberk_and_Bilton_2015,26-03-2023,Wilco_Verberk,w.verberk@science.ru.nl,primary,https://doi.org/10.5281/zenodo.7772187,https://doi.org/10.1242/jeb.119560,,Aphelocheirus_aestivalis,River Torridge_Devon_UK,freshwater,river,0.5,50.9094,-4.0743,field,,,,,no,,,,,,,,,,,,,yes,7,10,0,7,21,400,12L_12D,100,kPa,uatm,red chironomids,standard,1.25,1,Microx TX3 fiberoptic oxygenmeter,8.8,,glass,,closed,aquatic,adult,,male,mature adults,fresh mass,milligram,47.5,15,,,,,,,,,,umolO2/h/ind,0.181706621,animalID_Ap29
Verberk_and_Bilton_2015,26-03-2023,Wilco_Verberk,w.verberk@science.ru.nl,primary,https://doi.org/10.5281/zenodo.7772187,https://doi.org/10.1242/jeb.119560,,Aphelocheirus_aestivalis,River Torridge_Devon_UK,freshwater,river,0.5,50.9094,-4.0743,field,,,,,no,,,,,,,,,,,,,yes,7,10,0,7,21,400,12L_12D,100,kPa,uatm,red chironomids,standard,1.25,1,Microx TX3 fiberoptic oxygenmeter,8.8,,glass,,closed,aquatic,adult,,male,mature adults,fresh mass,milligram,47.3,15,,,,,,,,,,umolO2/h/ind,0.17812268,animalID_Ap31
Verberk_and_Bilton_2015,26-03-2023,Wilco_Verberk,w.verberk@science.ru.nl,primary,https://doi.org/10.5281/zenodo.7772187,https://doi.org/10.1242/jeb.119560,,Aphelocheirus_aestivalis,River Torridge_Devon_UK,freshwater,river,0.5,50.9094,-4.0743,field,,,,,no,,,,,,,,,,,,,yes,7,10,0,7,21,400,12L_12D,100,kPa,uatm,red chironomids,standard,1.25,1,Microx TX3 fiberoptic oxygenmeter,8.8,,glass,,closed,aquatic,adult,,female,mature adults,fresh mass,milligram,62.3,15,,,,,,,,,,umolO2/h/ind,0.218935872,animalID_Ap32
Verberk_and_Bilton_2015,26-03-2023,Wilco_Verberk,w.verberk@science.ru.nl,primary,https://doi.org/10.5281/zenodo.7772187,https://doi.org/10.1242/jeb.119560,,Aphelocheirus_aestivalis,River Torridge_Devon_UK,freshwater,river,0.5,50.9094,-4.0743,field,,,,,no,,,,,,,,,,,,,yes,7,10,0,7,21,400,12L_12D,100,kPa,uatm,red chironomids,standard,1.25,1,Microx TX3 fiberoptic oxygenmeter,8.8,,glass,,closed,aquatic,adult,,male,mature adults,fresh mass,milligram,45.6,15,,,,,,,,,,umolO2/h/ind,0.171710481,animalID_Ap33
Verberk_and_Bilton_2015,26-03-2023,Wilco_Verberk,w.verberk@science.ru.nl,primary,https://doi.org/10.5281/zenodo.7772187,https://doi.org/10.1242/jeb.119560,,Aphelocheirus_aestivalis,River Torridge_Devon_UK,freshwater,river,0.5,50.9094,-4.0743,field,,,,,no,,,,,,,,,,,,,yes,7,10,0,7,21,400,12L_12D,100,kPa,uatm,red chironomids,standard,1.25,1,Microx TX3 fiberoptic oxygenmeter,8.8,,glass,,closed,aquatic,adult,,male,mature adults,fresh mass,milligram,47.5,10,,,,,,,,,,umolO2/h/ind,0.106215647,animalID_Ap29
Verberk_and_Bilton_2015,26-03-2023,Wilco_Verberk,w.verberk@science.ru.nl,primary,https://doi.org/10.5281/zenodo.7772187,https://doi.org/10.1242/jeb.119560,,Aphelocheirus_aestivalis,River Torridge_Devon_UK,freshwater,river,0.5,50.9094,-4.0743,field,,,,,no,,,,,,,,,,,,,yes,7,10,0,7,21,400,12L_12D,100,kPa,uatm,red chironomids,standard,1.25,1,Microx TX3 fiberoptic oxygenmeter,8.8,,glass,,closed,aquatic,adult,,male,mature adults,fresh mass,milligram,47.3,10,,,,,,,,,,umolO2/h/ind,0.083055798,animalID_Ap31
Verberk_and_Bilton_2015,26-03-2023,Wilco_Verberk,w.verberk@science.ru.nl,primary,https://doi.org/10.5281/zenodo.7772187,https://doi.org/10.1242/jeb.119560,,Aphelocheirus_aestivalis,River Torridge_Devon_UK,freshwater,river,0.5,50.9094,-4.0743,field,,,,,no,,,,,,,,,,,,,yes,7,10,0,7,21,400,12L_12D,100,kPa,uatm,red chironomids,standard,1.25,1,Microx TX3 fiberoptic oxygenmeter,8.8,,glass,,closed,aquatic,adult,,female,mature adults,fresh mass,milligram,62.3,10,,,,,,,,,,umolO2/h/ind,0.147348103,animalID_Ap32
Verberk_and_Bilton_2015,26-03-2023,Wilco_Verberk,w.verberk@science.ru.nl,primary,https://doi.org/10.5281/zenodo.7772187,https://doi.org/10.1242/jeb.119560,,Aphelocheirus_aestivalis,River Torridge_Devon_UK,freshwater,river,0.5,50.9094,-4.0743,field,,,,,no,,,,,,,,,,,,,yes,7,10,0,7,21,400,12L_12D,100,kPa,uatm,red chironomids,standard,1.25,1,Microx TX3 fiberoptic oxygenmeter,8.8,,glass,,closed,aquatic,adult,,male,mature adults,fresh mass,milligram,45.6,10,,,,,,,,,,umolO2/h/ind,0.113994743,animalID_Ap33
Verberk_and_Bilton_2015,26-03-2023,Wilco_Verberk,w.verberk@science.ru.nl,primary,https://doi.org/10.5281/zenodo.7772187,https://doi.org/10.1242/jeb.119560,,Aphelocheirus_aestivalis,River Torridge_Devon_UK,freshwater,river,0.5,50.9094,-4.0743,field,,,,,no,,,,,,,,,,,,,yes,7,10,0,7,21,400,12L_12D,100,kPa,uatm,red chironomids,standard,1.25,1,Microx TX3 fiberoptic oxygenmeter,8.8,,glass,,closed,aquatic,adult,,male,mature adults,fresh mass,milligram,47.5,5,,,,,,,,,,umolO2/h/ind,0.048577684,animalID_Ap29
Verberk_and_Bilton_2015,26-03-2023,Wilco_Verberk,w.verberk@science.ru.nl,primary,https://doi.org/10.5281/zenodo.7772187,https://doi.org/10.1242/jeb.119560,,Aphelocheirus_aestivalis,River Torridge_Devon_UK,freshwater,river,0.5,50.9094,-4.0743,field,,,,,no,,,,,,,,,,,,,yes,7,10,0,7,21,400,12L_12D,100,kPa,uatm,red chironomids,standard,1.25,1,Microx TX3 fiberoptic oxygenmeter,8.8,,glass,,closed,aquatic,adult,,male,mature adults,fresh mass,milligram,47.3,5,,,,,,,,,,umolO2/h/ind,0.05531622,animalID_Ap31
Verberk_and_Bilton_2015,26-03-2023,Wilco_Verberk,w.verberk@science.ru.nl,primary,https://doi.org/10.5281/zenodo.7772187,https://doi.org/10.1242/jeb.119560,,Aphelocheirus_aestivalis,River Torridge_Devon_UK,freshwater,river,0.5,50.9094,-4.0743,field,,,,,no,,,,,,,,,,,,,yes,7,10,0,7,21,400,12L_12D,100,kPa,uatm,red chironomids,standard,1.25,1,Microx TX3 fiberoptic oxygenmeter,8.8,,glass,,closed,aquatic,adult,,female,mature adults,fresh mass,milligram,62.3,5,,,,,,,,,,umolO2/h/ind,0.056698666,animalID_Ap32
Verberk_and_Bilton_2015,26-03-2023,Wilco_Verberk,w.verberk@science.ru.nl,primary,https://doi.org/10.5281/zenodo.7772187,https://doi.org/10.1242/jeb.119560,,Aphelocheirus_aestivalis,River Torridge_Devon_UK,freshwater,river,0.5,50.9094,-4.0743,field,,,,,no,,,,,,,,,,,,,yes,7,10,0,7,21,400,12L_12D,100,kPa,uatm,red chironomids,standard,1.25,1,Microx TX3 fiberoptic oxygenmeter,8.8,,glass,,closed,aquatic,adult,,male,mature adults,fresh mass,milligram,45.6,5,,,,,,,,,,umolO2/h/ind,0.074012639,animalID_Ap33
Verberk_and_Bilton_2015,26-03-2023,Wilco_Verberk,w.verberk@science.ru.nl,primary,https://doi.org/10.5281/zenodo.7772187,https://doi.org/10.1242/jeb.119560,,Aphelocheirus_aestivalis,River Torridge_Devon_UK,freshwater,river,0.5,50.9094,-4.0743,field,,,,,no,,,,,,,,,,,,,yes,7,10,0,7,21,400,12L_12D,100,kPa,uatm,red chironomids,standard,1.25,1,Microx TX3 fiberoptic oxygenmeter,8.8,,glass,,closed,aquatic,adult,,male,mature adults,fresh mass,milligram,47.9,15,,,,,,,,,,umolO2/h/ind,0.331692319,animalID_Ap38
Verberk_and_Bilton_2015,26-03-2023,Wilco_Verberk,w.verberk@science.ru.nl,primary,https://doi.org/10.5281/zenodo.7772187,https://doi.org/10.1242/jeb.119560,,Aphelocheirus_aestivalis,River Torridge_Devon_UK,freshwater,river,0.5,50.9094,-4.0743,field,,,,,no,,,,,,,,,,,,,yes,7,10,0,7,21,400,12L_12D,100,kPa,uatm,red chironomids,standard,1.25,1,Microx TX3 fiberoptic oxygenmeter,8.8,,glass,,closed,aquatic,adult,,female,mature adults,fresh mass,milligram,62.1,15,,,,,,,,,,umolO2/h/ind,0.294423025,animalID_Ap39
Verberk_and_Bilton_2015,26-03-2023,Wilco_Verberk,w.verberk@science.ru.nl,primary,https://doi.org/10.5281/zenodo.7772187,https://doi.org/10.1242/jeb.119560,,Aphelocheirus_aestivalis,River Torridge_Devon_UK,freshwater,river,0.5,50.9094,-4.0743,field,,,,,no,,,,,,,,,,,,,yes,7,10,0,7,21,400,12L_12D,100,kPa,uatm,red chironomids,standard,1.25,1,Microx TX3 fiberoptic oxygenmeter,8.8,,glass,,closed,aquatic,adult,,male,mature adults,fresh mass,milligram,48.9,15,,,,,,,,,,umolO2/h/ind,0.114597326,animalID_Ap40
Verberk_and_Bilton_2015,26-03-2023,Wilco_Verberk,w.verberk@science.ru.nl,primary,https://doi.org/10.5281/zenodo.7772187,https://doi.org/10.1242/jeb.119560,,Aphelocheirus_aestivalis,River Torridge_Devon_UK,freshwater,river,0.5,50.9094,-4.0743,field,,,,,no,,,,,,,,,,,,,yes,7,10,0,7,21,400,12L_12D,100,kPa,uatm,red chironomids,standard,1.25,1,Microx TX3 fiberoptic oxygenmeter,8.8,,glass,,closed,aquatic,adult,,female,mature adults,fresh mass,milligram,54.4,15,,,,,,,,,,umolO2/h/ind,0.144752443,animalID_Ap41
Verberk_and_Bilton_2015,26-03-2023,Wilco_Verberk,w.verberk@science.ru.nl,primary,https://doi.org/10.5281/zenodo.7772187,https://doi.org/10.1242/jeb.119560,,Aphelocheirus_aestivalis,River Torridge_Devon_UK,freshwater,river,0.5,50.9094,-4.0743,field,,,,,no,,,,,,,,,,,,,yes,7,10,0,7,21,400,12L_12D,100,kPa,uatm,red chironomids,standard,1.25,1,Microx TX3 fiberoptic oxygenmeter,8.8,,glass,,closed,aquatic,adult,,male,mature adults,fresh mass,milligram,47.9,10,,,,,,,,,,umolO2/h/ind,0.074536709,animalID_Ap38
Verberk_and_Bilton_2015,26-03-2023,Wilco_Verberk,w.verberk@science.ru.nl,primary,https://doi.org/10.5281/zenodo.7772187,https://doi.org/10.1242/jeb.119560,,Aphelocheirus_aestivalis,River Torridge_Devon_UK,freshwater,river,0.5,50.9094,-4.0743,field,,,,,no,,,,,,,,,,,,,yes,7,10,0,7,21,400,12L_12D,100,kPa,uatm,red chironomids,standard,1.25,1,Microx TX3 fiberoptic oxygenmeter,8.8,,glass,,closed,aquatic,adult,,female,mature adults,fresh mass,milligram,62.1,10,,,,,,,,,,umolO2/h/ind,0.123018755,animalID_Ap39
Verberk_and_Bilton_2015,26-03-2023,Wilco_Verberk,w.verberk@science.ru.nl,primary,https://doi.org/10.5281/zenodo.7772187,https://doi.org/10.1242/jeb.119560,,Aphelocheirus_aestivalis,River Torridge_Devon_UK,freshwater,river,0.5,50.9094,-4.0743,field,,,,,no,,,,,,,,,,,,,yes,7,10,0,7,21,400,12L_12D,100,kPa,uatm,red chironomids,standard,1.25,1,Microx TX3 fiberoptic oxygenmeter,8.8,,glass,,closed,aquatic,adult,,male,mature adults,fresh mass,milligram,48.9,10,,,,,,,,,,umolO2/h/ind,0.12697993,animalID_Ap40
Verberk_and_Bilton_2015,26-03-2023,Wilco_Verberk,w.verberk@science.ru.nl,primary,https://doi.org/10.5281/zenodo.7772187,https://doi.org/10.1242/jeb.119560,,Aphelocheirus_aestivalis,River Torridge_Devon_UK,freshwater,river,0.5,50.9094,-4.0743,field,,,,,no,,,,,,,,,,,,,yes,7,10,0,7,21,400,12L_12D,100,kPa,uatm,red chironomids,standard,1.25,1,Microx TX3 fiberoptic oxygenmeter,8.8,,glass,,closed,aquatic,adult,,female,mature adults,fresh mass,milligram,54.4,10,,,,,,,,,,umolO2/h/ind,0.097601044,animalID_Ap41
Verberk_and_Bilton_2015,26-03-2023,Wilco_Verberk,w.verberk@science.ru.nl,primary,https://doi.org/10.5281/zenodo.7772187,https://doi.org/10.1242/jeb.119560,,Aphelocheirus_aestivalis,River Torridge_Devon_UK,freshwater,river,0.5,50.9094,-4.0743,field,,,,,no,,,,,,,,,,,,,yes,7,10,0,7,21,400,12L_12D,100,kPa,uatm,red chironomids,standard,1.25,1,Microx TX3 fiberoptic oxygenmeter,8.8,,glass,,closed,aquatic,adult,,male,mature adults,fresh mass,milligram,47.9,5,,,,,,,,,,umolO2/h/ind,0.086086958,animalID_Ap38
Verberk_and_Bilton_2015,26-03-2023,Wilco_Verberk,w.verberk@science.ru.nl,primary,https://doi.org/10.5281/zenodo.7772187,https://doi.org/10.1242/jeb.119560,,Aphelocheirus_aestivalis,River Torridge_Devon_UK,freshwater,river,0.5,50.9094,-4.0743,field,,,,,no,,,,,,,,,,,,,yes,7,10,0,7,21,400,12L_12D,100,kPa,uatm,red chironomids,standard,1.25,1,Microx TX3 fiberoptic oxygenmeter,8.8,,glass,,closed,aquatic,adult,,female,mature adults,fresh mass,milligram,62.1,5,,,,,,,,,,umolO2/h/ind,0.085187589,animalID_Ap39
Verberk_and_Bilton_2015,26-03-2023,Wilco_Verberk,w.verberk@science.ru.nl,primary,https://doi.org/10.5281/zenodo.7772187,https://doi.org/10.1242/jeb.119560,,Aphelocheirus_aestivalis,River Torridge_Devon_UK,freshwater,river,0.5,50.9094,-4.0743,field,,,,,no,,,,,,,,,,,,,yes,7,10,0,7,21,400,12L_12D,100,kPa,uatm,red chironomids,standard,1.25,1,Microx TX3 fiberoptic oxygenmeter,8.8,,glass,,closed,aquatic,adult,,male,mature adults,fresh mass,milligram,48.9,5,,,,,,,,,,umolO2/h/ind,0.080578726,animalID_Ap40
Verberk_and_Bilton_2015,26-03-2023,Wilco_Verberk,w.verberk@science.ru.nl,primary,https://doi.org/10.5281/zenodo.7772187,https://doi.org/10.1242/jeb.119560,,Aphelocheirus_aestivalis,River Torridge_Devon_UK,freshwater,river,0.5,50.9094,-4.0743,field,,,,,no,,,,,,,,,,,,,yes,7,10,0,7,21,400,12L_12D,100,kPa,uatm,red chironomids,standard,1.25,1,Microx TX3 fiberoptic oxygenmeter,8.8,,glass,,closed,aquatic,adult,,female,mature adults,fresh mass,milligram,54.4,5,,,,,,,,,,umolO2/h/ind,0.117723751,animalID_Ap41
Verberk_and_Bilton_2015,26-03-2023,Wilco_Verberk,w.verberk@science.ru.nl,primary,https://doi.org/10.5281/zenodo.7772187,https://doi.org/10.1242/jeb.119560,,Aphelocheirus_aestivalis,River Torridge_Devon_UK,freshwater,river,0.5,50.9094,-4.0743,field,,,,,no,,,,,,,,,,,,,yes,7,10,0,7,21,400,12L_12D,100,kPa,uatm,red chironomids,standard,1.25,1,Microx TX3 fiberoptic oxygenmeter,8.8,,glass,,closed,aquatic,adult,,male,mature adults,fresh mass,milligram,51.2,15,,,,,,,,,,umolO2/h/ind,0.164892024,animalID_Ap42
Verberk_and_Bilton_2015,26-03-2023,Wilco_Verberk,w.verberk@science.ru.nl,primary,https://doi.org/10.5281/zenodo.7772187,https://doi.org/10.1242/jeb.119560,,Aphelocheirus_aestivalis,River Torridge_Devon_UK,freshwater,river,0.5,50.9094,-4.0743,field,,,,,no,,,,,,,,,,,,,yes,7,10,0,7,21,400,12L_12D,100,kPa,uatm,red chironomids,standard,1.25,1,Microx TX3 fiberoptic oxygenmeter,8.8,,glass,,closed,aquatic,adult,,male,mature adults,fresh mass,milligram,55.8,15,,,,,,,,,,umolO2/h/ind,0.10074687,animalID_Ap43
Verberk_and_Bilton_2015,26-03-2023,Wilco_Verberk,w.verberk@science.ru.nl,primary,https://doi.org/10.5281/zenodo.7772187,https://doi.org/10.1242/jeb.119560,,Aphelocheirus_aestivalis,River Torridge_Devon_UK,freshwater,river,0.5,50.9094,-4.0743,field,,,,,no,,,,,,,,,,,,,yes,7,10,0,7,21,400,12L_12D,100,kPa,uatm,red chironomids,standard,1.25,1,Microx TX3 fiberoptic oxygenmeter,8.8,,glass,,closed,aquatic,adult,,male,mature adults,fresh mass,milligram,51.9,15,,,,,,,,,,umolO2/h/ind,0.0503452,animalID_Ap44
Verberk_and_Bilton_2015,26-03-2023,Wilco_Verberk,w.verberk@science.ru.nl,primary,https://doi.org/10.5281/zenodo.7772187,https://doi.org/10.1242/jeb.119560,,Aphelocheirus_aestivalis,River Torridge_Devon_UK,freshwater,river,0.5,50.9094,-4.0743,field,,,,,no,,,,,,,,,,,,,yes,7,10,0,7,21,400,12L_12D,100,kPa,uatm,red chironomids,standard,1.25,1,Microx TX3 fiberoptic oxygenmeter,8.8,,glass,,closed,aquatic,adult,,male,mature adults,fresh mass,milligram,51.2,10,,,,,,,,,,umolO2/h/ind,0.132928997,animalID_Ap42
Verberk_and_Bilton_2015,26-03-2023,Wilco_Verberk,w.verberk@science.ru.nl,primary,https://doi.org/10.5281/zenodo.7772187,https://doi.org/10.1242/jeb.119560,,Aphelocheirus_aestivalis,River Torridge_Devon_UK,freshwater,river,0.5,50.9094,-4.0743,field,,,,,no,,,,,,,,,,,,,yes,7,10,0,7,21,400,12L_12D,100,kPa,uatm,red chironomids,standard,1.25,1,Microx TX3 fiberoptic oxygenmeter,8.8,,glass,,closed,aquatic,adult,,male,mature adults,fresh mass,milligram,55.8,10,,,,,,,,,,umolO2/h/ind,0.122202574,animalID_Ap43
Verberk_and_Bilton_2015,26-03-2023,Wilco_Verberk,w.verberk@science.ru.nl,primary,https://doi.org/10.5281/zenodo.7772187,https://doi.org/10.1242/jeb.119560,,Aphelocheirus_aestivalis,River Torridge_Devon_UK,freshwater,river,0.5,50.9094,-4.0743,field,,,,,no,,,,,,,,,,,,,yes,7,10,0,7,21,400,12L_12D,100,kPa,uatm,red chironomids,standard,1.25,1,Microx TX3 fiberoptic oxygenmeter,8.8,,glass,,closed,aquatic,adult,,male,mature adults,fresh mass,milligram,51.9,10,,,,,,,,,,umolO2/h/ind,0.051836074,animalID_Ap44
Verberk_and_Bilton_2015,26-03-2023,Wilco_Verberk,w.verberk@science.ru.nl,primary,https://doi.org/10.5281/zenodo.7772187,https://doi.org/10.1242/jeb.119560,,Aphelocheirus_aestivalis,River Torridge_Devon_UK,freshwater,river,0.5,50.9094,-4.0743,field,,,,,no,,,,,,,,,,,,,yes,7,10,0,7,21,400,12L_12D,100,kPa,uatm,red chironomids,standard,1.25,1,Microx TX3 fiberoptic oxygenmeter,8.8,,glass,,closed,aquatic,adult,,male,mature adults,fresh mass,milligram,51.2,5,,,,,,,,,,umolO2/h/ind,0.026160304,animalID_Ap42
Verberk_and_Bilton_2015,26-03-2023,Wilco_Verberk,w.verberk@science.ru.nl,primary,https://doi.org/10.5281/zenodo.7772187,https://doi.org/10.1242/jeb.119560,,Aphelocheirus_aestivalis,River Torridge_Devon_UK,freshwater,river,0.5,50.9094,-4.0743,field,,,,,no,,,,,,,,,,,,,yes,7,10,0,7,21,400,12L_12D,100,kPa,uatm,red chironomids,standard,1.25,1,Microx TX3 fiberoptic oxygenmeter,8.8,,glass,,closed,aquatic,adult,,male,mature adults,fresh mass,milligram,55.8,5,,,,,,,,,,umolO2/h/ind,0.051003443,animalID_Ap43
Verberk_and_Bilton_2015,26-03-2023,Wilco_Verberk,w.verberk@science.ru.nl,primary,https://doi.org/10.5281/zenodo.7772187,https://doi.org/10.1242/jeb.119560,,Aphelocheirus_aestivalis,River Torridge_Devon_UK,freshwater,river,0.5,50.9094,-4.0743,field,,,,,no,,,,,,,,,,,,,yes,7,10,0,7,21,400,12L_12D,100,kPa,uatm,red chironomids,standard,1.25,1,Microx TX3 fiberoptic oxygenmeter,8.8,,glass,,closed,aquatic,adult,,male,mature adults,fresh mass,milligram,51.9,5,,,,,,,,,,umolO2/h/ind,0.046951593,animalID_Ap44
Verberk_and_Bilton_2015,26-03-2023,Wilco_Verberk,w.verberk@science.ru.nl,primary,https://doi.org/10.5281/zenodo.7772187,https://doi.org/10.1242/jeb.119560,,Aphelocheirus_aestivalis,River Torridge_Devon_UK,freshwater,river,0.5,50.9094,-4.0743,field,,,,,no,,,,,,,,,,,,,yes,7,10,0,7,21,400,12L_12D,100,kPa,uatm,red chironomids,standard,1.25,1,Microx TX3 fiberoptic oxygenmeter,8.8,,glass,,closed,aquatic,adult,,male,mature adults,fresh mass,milligram,55.1,10,,,,,,,,,,umolO2/h/ind,0.149341876,animalID_Ap53
Verberk_and_Bilton_2015,26-03-2023,Wilco_Verberk,w.verberk@science.ru.nl,primary,https://doi.org/10.5281/zenodo.7772187,https://doi.org/10.1242/jeb.119560,,Aphelocheirus_aestivalis,River Torridge_Devon_UK,freshwater,river,0.5,50.9094,-4.0743,field,,,,,no,,,,,,,,,,,,,yes,7,10,0,7,21,400,12L_12D,100,kPa,uatm,red chironomids,standard,1.25,1,Microx TX3 fiberoptic oxygenmeter,8.8,,glass,,closed,aquatic,adult,,female,mature adults,fresh mass,milligram,56.1,10,,,,,,,,,,umolO2/h/ind,0.083791766,animalID_Ap54
Verberk_and_Bilton_2015,26-03-2023,Wilco_Verberk,w.verberk@science.ru.nl,primary,https://doi.org/10.5281/zenodo.7772187,https://doi.org/10.1242/jeb.119560,,Aphelocheirus_aestivalis,River Torridge_Devon_UK,freshwater,river,0.5,50.9094,-4.0743,field,,,,,no,,,,,,,,,,,,,yes,7,10,0,7,21,400,12L_12D,100,kPa,uatm,red chironomids,standard,1.25,1,Microx TX3 fiberoptic oxygenmeter,8.8,,glass,,closed,aquatic,adult,,male,mature adults,fresh mass,milligram,53.5,10,,,,,,,,,,umolO2/h/ind,0.094811529,animalID_Ap55
Verberk_and_Bilton_2015,26-03-2023,Wilco_Verberk,w.verberk@science.ru.nl,primary,https://doi.org/10.5281/zenodo.7772187,https://doi.org/10.1242/jeb.119560,,Aphelocheirus_aestivalis,River Torridge_Devon_UK,freshwater,river,0.5,50.9094,-4.0743,field,,,,,no,,,,,,,,,,,,,yes,7,10,0,7,21,400,12L_12D,100,kPa,uatm,red chironomids,standard,1.25,1,Microx TX3 fiberoptic oxygenmeter,8.8,,glass,,closed,aquatic,adult,,male,mature adults,fresh mass,milligram,49.1,10,,,,,,,,,,umolO2/h/ind,0.069771838,animalID_Ap56
Verberk_and_Bilton_2015,26-03-2023,Wilco_Verberk,w.verberk@science.ru.nl,primary,https://doi.org/10.5281/zenodo.7772187,https://doi.org/10.1242/jeb.119560,,Aphelocheirus_aestivalis,River Torridge_Devon_UK,freshwater,river,0.5,50.9094,-4.0743,field,,,,,no,,,,,,,,,,,,,yes,7,10,0,7,21,400,12L_12D,100,kPa,uatm,red chironomids,standard,1.25,1,Microx TX3 fiberoptic oxygenmeter,8.8,,glass,,closed,aquatic,adult,,male,mature adults,fresh mass,milligram,55.1,15,,,,,,,,,,umolO2/h/ind,0.169799534,animalID_Ap53
Verberk_and_Bilton_2015,26-03-2023,Wilco_Verberk,w.verberk@science.ru.nl,primary,https://doi.org/10.5281/zenodo.7772187,https://doi.org/10.1242/jeb.119560,,Aphelocheirus_aestivalis,River Torridge_Devon_UK,freshwater,river,0.5,50.9094,-4.0743,field,,,,,no,,,,,,,,,,,,,yes,7,10,0,7,21,400,12L_12D,100,kPa,uatm,red chironomids,standard,1.25,1,Microx TX3 fiberoptic oxygenmeter,8.8,,glass,,closed,aquatic,adult,,female,mature adults,fresh mass,milligram,56.1,15,,,,,,,,,,umolO2/h/ind,0.200059745,animalID_Ap54
Verberk_and_Bilton_2015,26-03-2023,Wilco_Verberk,w.verberk@science.ru.nl,primary,https://doi.org/10.5281/zenodo.7772187,https://doi.org/10.1242/jeb.119560,,Aphelocheirus_aestivalis,River Torridge_Devon_UK,freshwater,river,0.5,50.9094,-4.0743,field,,,,,no,,,,,,,,,,,,,yes,7,10,0,7,21,400,12L_12D,100,kPa,uatm,red chironomids,standard,1.25,1,Microx TX3 fiberoptic oxygenmeter,8.8,,glass,,closed,aquatic,adult,,male,mature adults,fresh mass,milligram,53.5,15,,,,,,,,,,umolO2/h/ind,0.212527993,animalID_Ap55
Verberk_and_Bilton_2015,26-03-2023,Wilco_Verberk,w.verberk@science.ru.nl,primary,https://doi.org/10.5281/zenodo.7772187,https://doi.org/10.1242/jeb.119560,,Aphelocheirus_aestivalis,River Torridge_Devon_UK,freshwater,river,0.5,50.9094,-4.0743,field,,,,,no,,,,,,,,,,,,,yes,7,10,0,7,21,400,12L_12D,100,kPa,uatm,red chironomids,standard,1.25,1,Microx TX3 fiberoptic oxygenmeter,8.8,,glass,,closed,aquatic,adult,,male,mature adults,fresh mass,milligram,49.1,15,,,,,,,,,,umolO2/h/ind,0.202055237,animalID_Ap56
Verberk_and_Bilton_2015,26-03-2023,Wilco_Verberk,w.verberk@science.ru.nl,primary,https://doi.org/10.5281/zenodo.7772187,https://doi.org/10.1242/jeb.119560,,Aphelocheirus_aestivalis,River Torridge_Devon_UK,freshwater,river,0.5,50.9094,-4.0743,field,,,,,no,,,,,,,,,,,,,yes,7,10,0,7,21,400,12L_12D,100,kPa,uatm,red chironomids,standard,1.25,1,Microx TX3 fiberoptic oxygenmeter,8.8,,glass,,closed,aquatic,adult,,male,mature adults,fresh mass,milligram,53.5,5,,,,,,,,,,umolO2/h/ind,0.110630706,animalID_Ap55
Verberk_and_Bilton_2015,26-03-2023,Wilco_Verberk,w.verberk@science.ru.nl,primary,https://doi.org/10.5281/zenodo.7772187,https://doi.org/10.1242/jeb.119560,,Aphelocheirus_aestivalis,River Torridge_Devon_UK,freshwater,river,0.5,50.9094,-4.0743,field,,,,,no,,,,,,,,,,,,,yes,7,10,0,7,21,400,12L_12D,100,kPa,uatm,red chironomids,standard,1.25,1,Microx TX3 fiberoptic oxygenmeter,8.8,,glass,,closed,aquatic,adult,,male,mature adults,fresh mass,milligram,49.1,5,,,,,,,,,,umolO2/h/ind,0.044792238,animalID_Ap56
